"X_id","IncidentNum","ReportedDateTime","ReportedYear","ReportedMonth","Location","WeaponUsed","ALD","NSP","POLICE","TRACT","WARD","Zip.Code","RoughX","RoughY","Arson","AssaultOffense","Burglary","CriminalDamage","Homicide","LockedVehicle","Robbery","SexOffense","Theft","VehicleTheft","has_number","CrimeType","lat","long"
657865,"183230089","11/18/2018 18:00",2018,11,"9535 W BECKETT AV, Milwaukee, WI",NA,2,19,4,502,37,53225,2525721.158,413663.277,0,0,1,0,0,0,0,0,0,0,TRUE,"Property: Burglary",43.1182703,-88.0316882
642188,"181660068","6/15/2018 8:20",2018,6,"3722 W BROWN ST, Milwaukee, WI","PERSONAL WEAPON",15,11,3,9000,155,53208,2545218.566,391705.764,0,1,0,0,0,0,0,0,0,0,TRUE,"Violent: Assault",43.0565751,-87.9607413
628921,"180240049","1/23/2018 18:00",2018,1,"3327 W KILBOURN AV, Milwaukee, WI","NONE",4,14,3,13500,198,53208,2546616.409,386348.532,0,0,1,0,0,0,0,0,0,0,TRUE,"Property: Burglary",43.0414459,-87.9560966
652252,"182680138","9/25/2018 9:30",2018,9,"3310 S 8TH ST, Milwaukee, WI",NA,14,NA,6,20300,292,53215,2556115.106,365813.819,0,0,1,0,0,0,0,0,0,0,TRUE,"Property: Burglary",42.9844384,-87.9213355
641469,"181590006","6/8/2018 0:50",2018,6,"9630 W BEATRICE ST, Milwaukee, WI","OTHER,BLUNT OBJECT",9,18,4,201,1,53224,2525168.473,436084.62,0,1,0,0,0,0,0,0,0,0,TRUE,"Violent: Assault",43.1797521,-88.0319657
643850,"181830062","7/2/2018 6:20",2018,7,"6221 W CARMEN AV, Milwaukee, WI","NONE",9,2,4,1200,23,53218,2537048.639,415773.254,0,1,0,1,0,0,0,0,0,0,TRUE,"Violent: Assault",43.1227636,-87.9890035
648839,"182330144","8/21/2018 18:15",2018,8,"3872 N 52ND ST, Milwaukee, WI","PERSONAL WEAPON",7,5,7,3700,98,53216,2540025.32,402425.432,0,1,0,0,0,0,0,0,0,0,TRUE,"Violent: Assault",43.0877995,-87.9780666
650317,"182490024","9/6/2018 5:12",2018,9,"1689 N FRANKLIN PL, Milwaukee, WI",NA,3,NA,1,11000,183,53202,2562116.966,389956.197,0,0,1,0,0,0,0,0,0,0,TRUE,"Property: Burglary",43.0526784,-87.8970006
654374,"182880094","10/15/2018 13:00",2018,10,"9253 N JADAM LA, Milwaukee, WI",NA,9,NA,4,101,3,53224,2529624.582,437916.45,0,1,0,0,0,0,0,0,0,0,TRUE,"Violent: Assault",43.1854167,-88.0148002
639688,"181400042","5/19/2018 18:00",2018,5,"2462 N BARTLETT AV, Milwaukee, WI",NA,3,NA,1,7700,135,53211,2564049.733,393955.93,0,0,1,0,0,0,0,0,0,0,TRUE,"Property: Burglary",43.0628176,-87.8889805
633403,"180740080","3/14/2018 19:50",2018,3,"3801 W BURLEIGH ST, Milwaukee, WI","KNIFE/KITUT",7,5,7,4800,104,53210,2544796.72,398530.216,0,1,0,0,0,0,1,0,0,0,TRUE,"Violent: Assault",43.075123,-87.961059
641880,"181630112","6/12/2018 14:10",2018,6,"5865 W SILVER SPRING DR, Milwaukee, WI","PERSONAL WEAPON",2,2,4,1900,45,53218,2538214.79,414459.071,0,1,0,0,0,0,0,0,0,0,TRUE,"Violent: Assault",43.1186975,-87.985388
635827,"180990189","4/9/2018 21:30",2018,4,"3015 N 9TH ST, Milwaukee, WI","KNIFE",6,4,5,6700,117,53206,2555053.203,398011.29,0,1,0,0,0,0,0,0,0,0,TRUE,"Violent: Assault",43.0734886,-87.9228369
628393,"180190036","1/19/2018 8:30",2018,1,"531 W GARFIELD AV, Milwaukee, WI","HANDS",6,6,5,185600,142,53212,2556638.623,392955.008,0,1,0,0,0,0,0,0,0,0,TRUE,"Violent: Assault",43.0589305,-87.9181423
652357,"182690128","9/26/2018 14:30",2018,9,"1550 S 23RD ST, Milwaukee, WI","HANDGUN",8,15,2,16300,225,53204,2550306.244,377082.406,0,0,0,0,0,0,1,0,0,0,TRUE,"Violent: Robbery",43.014921,-87.9420089
660543,"183510155","12/17/2018 19:09",2018,12,"9656 W BRADLEY RD, Milwaukee, WI",NA,9,NA,4,202,6,53224,2525946.757,430128.101,0,0,1,0,0,0,0,0,0,0,TRUE,"Property: Burglary",43.1638587,-88.0313237
646765,"182120099","7/1/2018 12:00",2018,7,"2929 S CHASE AV, Milwaukee, WI",NA,14,NA,6,18500,292,53207,2559067.813,368749.373,0,0,0,1,0,0,0,0,0,0,TRUE,"Property: Vandalism",42.9920024,-87.9112015
627176,"180060036","1/6/2018 8:56",2018,1,"7615 W MILL RD, Milwaukee, WI","BLUNT/HANDS",2,NA,4,1400,28,53218,2532293.07,419718.811,0,1,0,0,0,0,0,0,0,0,TRUE,"Violent: Assault",43.1333845,-88.0064109
627586,"180100148","1/10/2018 18:30",2018,1,"4120 N 6TH ST, Milwaukee, WI","HANDS",6,6,5,4300,118,53212,2556009.84,404772.831,0,1,0,0,0,0,0,0,0,0,TRUE,"Violent: Assault",43.0920832,-87.9181028
649137,"182360165","8/24/2018 22:50",2018,8,"3314 N 45TH ST, Milwaukee, WI","PERSONAL WEAPON",7,5,7,4900,102,53216,2542385.671,399912.032,0,1,0,0,0,0,0,0,0,0,TRUE,"Violent: Assault",43.0795225,-87.9694981
639027,"181330050","5/12/2018 9:00",2018,5,"6297 W PORT AV, Milwaukee, WI",NA,9,NA,4,700,14,53223,2536899.745,428649.491,0,0,0,1,0,0,0,0,0,0,TRUE,"Property: Vandalism",43.1584604,-87.9890784
630947,"180470003","2/14/2018 23:00",2018,2,"5869 N 74TH ST, Milwaukee, WI","NONE",2,2,4,1300,26,53218,2533018.057,415745.291,0,0,1,0,0,0,0,0,0,0,TRUE,"Property: Burglary",43.124735,-88.0037641
642013,"181640126","6/13/2018 6:45",2018,6,"2116 W WHITAKER AV, Milwaukee, WI",NA,13,NA,6,21400,307,53221,2551322.495,358781.32,0,0,1,0,0,0,0,0,0,0,TRUE,"Property: Burglary",42.9660181,-87.9406305
639829,"181410159","5/21/2018 21:53",2018,5,"5754 N 65TH ST, Milwaukee, WI",NA,2,2,4,1300,25,53218,2536002.076,415110.409,0,0,0,1,0,0,0,0,0,0,TRUE,"Property: Vandalism",43.1225346,-87.9920251
657706,"183210142","11/17/2018 20:50",2018,11,"719 W WISCONSIN AV, Milwaukee, WI",NA,4,NA,1,186300,187,53233,2555950.006,385537.717,0,1,0,0,0,0,0,0,0,0,TRUE,"Violent: Assault",43.0385465,-87.9207917
631122,"180490032","2/17/2018 23:30",2018,2,"2748 N 11TH ST, Milwaukee, WI","HANDS",15,10,5,8400,143,53206,2554336.805,396009.674,0,0,1,0,0,0,0,0,0,0,TRUE,"Property: Burglary",43.0687557,-87.9251695
653616,"182810141","10/8/2018 17:30",2018,10,"5021 N 20TH ST, Milwaukee, WI","LETHAL CUTTING INSTRUMENT",1,3,7,2300,56,53209,2550896.673,410733.467,0,1,0,0,0,0,0,0,0,0,TRUE,"Violent: Assault",43.1089185,-87.9371686
645916,"182040033","7/23/2018 0:00",2018,7,"2666 N 48TH ST, Milwaukee, WI",NA,15,5,3,6000,159,53210,2541448.153,395130.711,0,0,1,0,0,0,0,0,0,0,TRUE,"Property: Burglary",43.0676138,-87.9734737
645320,"181980004","7/16/2018 19:00",2018,7,"3916 W FAIRMOUNT AV, Milwaukee, WI",NA,1,2,7,2500,51,53209,2544312.388,410577.185,0,0,1,0,0,0,0,0,0,0,TRUE,"Property: Burglary",43.1084473,-87.9621027
655012,"182940137","10/21/2018 12:18",2018,10,"3829 N 78TH ST, Milwaukee, WI",NA,5,NA,7,5200,90,53222,2531642.523,402236.636,0,0,1,0,0,0,0,0,0,0,TRUE,"Property: Burglary",43.0869394,-88.0100739
628419,"180190083","1/19/2018 6:45",2018,1,"6974 N RAINTREE CT, Milwaukee, WI","NONE",9,NA,4,800,16,53223,2537792.573,423280.308,0,0,1,0,0,0,0,0,0,0,TRUE,"Property: Burglary",43.1439977,-87.9845486
645772,"182020140","7/21/2018 17:20",2018,7,"221 E CLARKE ST, Milwaukee, WI","PERSONAL WEAPON",6,6,5,8100,139,53212,2558584.373,395406.051,0,1,0,0,0,0,0,0,0,0,TRUE,"Violent: Assault",43.0655082,-87.9088606
654846,"182930037","10/20/2018 5:16",2018,10,"4610 S 20TH ST, Milwaukee, WI",NA,13,NA,6,21400,308,53221,2551684.594,357452.225,0,1,0,0,0,0,0,0,0,0,TRUE,"Violent: Assault",42.960914,-87.9364574
634061,"180800123","3/21/2018 20:56",2018,3,"4511 W SPENCER PL, Milwaukee, WI","KITUT",7,5,7,3800,100,53216,2542397.23,402854.902,0,1,0,0,0,0,0,0,0,0,TRUE,"Violent: Assault",43.0873082,-87.9700005
647235,"182170118","8/5/2018 17:06",2018,8,"2657 N 50TH ST, Milwaukee, WI",NA,15,5,3,6000,162,53210,2540781.307,395118.222,0,0,1,0,0,0,0,0,0,0,TRUE,"Property: Burglary",43.067385,-87.9764945
656164,"183050078","10/30/2018 18:30",2018,10,"5826 W APPLETON AV, Milwaukee, WI",NA,10,5,7,5900,164,53210,2538357.387,395755.611,0,0,1,0,0,0,0,0,0,0,TRUE,"Property: Burglary",43.068835,-87.9855557
647632,"182210154","8/9/2018 22:00",2018,8,"2821 W MC KINLEY BL, Milwaukee, WI","PERSONAL WEAPON",4,14,3,12200,200,53208,2548262.538,388434.231,0,0,0,0,0,0,1,0,0,0,TRUE,"Violent: Robbery",43.047001996565,-87.949556022859
652668,"182720194","9/29/2018 23:00",2018,9,"2719 N 39TH ST, Milwaukee, WI","PERSONAL WEAPON",15,5,7,6200,153,53210,2544515.419,395861.724,0,1,0,0,0,0,0,0,0,0,TRUE,"Violent: Assault",43.0683865,-87.9624952
631569,"180530044","2/22/2018 1:00",2018,2,"4420 N HOUSTON AV, Milwaukee, WI","NONE",5,NA,7,3300,77,53218,2530536.766,406181.558,0,1,0,0,0,0,0,0,0,0,TRUE,"Violent: Assault",43.0978211,-88.0132824
642060,"181650005","6/13/2018 22:55",2018,6,"6020 W KAUL AV, Milwaukee, WI",NA,9,2,4,1200,24,53218,2537662.418,417615.342,0,1,0,0,0,0,0,0,0,0,TRUE,"Violent: Assault",43.1282621,-87.9865689
650016,"182460067","8/31/2018 16:00",2018,8,"3458 N BREMEN ST, Milwaukee, WI",NA,3,NA,5,7200,125,53212,2560989.76,400588.76,0,0,1,0,0,0,0,0,0,0,TRUE,"Property: Burglary",43.081039,-87.8998006
648063,"182260070","8/14/2018 8:00",2018,8,"1846 N 40TH ST, Milwaukee, WI",NA,15,11,3,9600,169,53208,2544251.685,390528.793,0,0,1,0,0,0,0,0,0,0,TRUE,"Property: Burglary",43.0543446,-87.9633304
650344,"182490090","9/6/2018 14:04",2018,9,"6020 W KAUL AV, Milwaukee, WI",NA,9,2,4,1200,24,53218,2537662.418,417615.342,0,0,0,1,0,0,0,0,0,0,TRUE,"Property: Vandalism",43.1282621,-87.9865689
627650,"180110063","1/11/2018 8:15",2018,1,"3927 N 70TH ST, Milwaukee, WI","NONE",10,NA,7,5100,91,53216,2534388.822,402854.812,0,0,1,0,0,0,0,0,0,0,TRUE,"Property: Burglary",43.0883482,-87.9997522
671971,"191350034","1/1/2018 20:00",2018,1,"8729 W THURSTON AV, Milwaukee, WI","PERSONAL WEAPON",2,2,4,1500,30,53225,2528382.168,414657.463,0,1,0,0,0,0,0,0,0,0,TRUE,"Violent: Assault",43.1202892,-88.021887
626869,"180030001","1/2/2018 23:30",2018,1,"2861 N BOOTH ST, Milwaukee, WI","HANDS",6,7,5,8000,139,53212,2560030.599,396758.579,0,1,0,0,0,0,0,0,0,0,TRUE,"Violent: Assault",43.0706532,-87.9045711
635725,"180990021","4/9/2018 4:30",2018,4,"2734 N FRATNEY ST, Milwaukee, WI","UNKNO",3,7,5,8000,138,53212,2560706.438,396105.897,0,0,1,0,0,0,0,0,0,0,TRUE,"Property: Burglary",43.068249,-87.9013325
643943,"181840023","7/2/2018 20:30",2018,7,"3004 S 56TH ST, Milwaukee, WI","PERSONAL WEAPON",11,NA,6,19200,264,53219,2539356.843,368035.353,0,1,0,0,0,0,0,0,0,0,TRUE,"Violent: Assault",42.9901557,-87.9837433
642605,"181700177","6/19/2018 22:34",2018,6,"1505 N 16TH ST, Milwaukee, WI","PERSONAL WEAPON",15,12,3,186200,174,53205,2552516.205,389848.545,0,1,0,0,0,0,0,0,0,0,TRUE,"Violent: Assault",43.0504279,-87.9330154
656685,"183100120","11/6/2018 18:43",2018,11,"3840 W ROOSEVELT DR, Milwaukee, WI","PERSONAL WEAPON",7,5,7,3900,101,53216,2544712.922,403307.977,0,1,0,0,0,0,0,0,0,0,TRUE,"Violent: Assault",43.0881914,-87.9618254
633752,"180770123","3/18/2018 18:45",2018,3,"6207 W FAIRVIEW AV, Milwaukee, WI","NONE",10,NA,3,13000,207,53213,2537422.438,382386.034,0,1,0,0,0,0,0,0,0,0,TRUE,"Violent: Assault",43.0313217,-87.9902759
651926,"182650109","9/22/2018 17:24",2018,9,"3020 N 29TH ST, Milwaukee, WI","FIREARM",7,4,5,6300,105,53210,2547777.311,397939.253,0,1,0,0,0,0,0,0,0,0,TRUE,"Violent: Assault",43.073899,-87.9495421
636588,"181080077","4/18/2018 1:45",2018,4,"1515 W NORTH AV, Milwaukee, WI","NONE",15,10,3,185500,148,53205,2552797.543,393340.837,0,0,1,0,0,0,0,0,0,0,TRUE,"Property: Burglary",43.0602419,-87.9317593
636154,"181030059","3/30/2018 16:00",2018,3,"2334 W COLLEGE AV, Milwaukee, WI","UNKNO",13,NA,6,21700,313,53221,2550504.849,345856.381,0,0,0,1,0,0,0,0,0,0,TRUE,"Property: Vandalism",42.9306542,-87.9454707
659929,"183450092","12/5/2018 20:00",2018,12,"6245 W SILVER SPRING DR, Milwaukee, WI",NA,2,2,4,1900,45,53218,2537078.627,414442.013,0,0,0,1,0,0,0,0,0,0,TRUE,"Property: Vandalism",43.1190405,-87.9896637
644946,"181940102","7/12/2018 21:00",2018,7,"3236 N 27TH ST, Milwaukee, WI","NONE",7,4,5,6500,106,53216,2548422.778,399279.974,0,0,0,0,0,0,1,0,0,0,TRUE,"Violent: Robbery",43.0778881,-87.9469968
626691,"180010060","1/1/2018 5:00",2018,1,"2315 N 41ST ST, Milwaukee, WI","GUN",15,5,3,9100,156,53210,2543923.226,393190.563,0,1,0,0,0,0,0,0,0,0,TRUE,"Violent: Assault",43.0610203,-87.9648987
649223,"182370178","8/25/2018 15:30",2018,8,"2322 W NORTH AV, Milwaukee, WI","LETHAL CUTTING INSTRUMENT",15,9,3,185400,149,53205,2550164.204,393312.495,0,1,0,0,0,0,0,0,0,0,TRUE,"Violent: Assault",43.0603813,-87.920908
651960,"182660006","9/22/2018 22:40",2018,9,"2658 S 14TH ST, Milwaukee, WI",NA,12,17,2,18700,253,53215,2553768.476,370256.412,0,0,0,1,0,0,0,0,0,0,TRUE,"Property: Vandalism",42.9963566,-87.9297387
628482,"180200011","1/20/2018 0:01",2018,1,"7022 W MEDFORD AV, Milwaukee, WI","HANDG",2,NA,7,3000,42,53218,2534237.55,409771.468,0,1,0,0,0,0,0,0,0,0,TRUE,"Violent: Assault",43.1073249,-87.9997569
653076,"182760157","10/3/2018 0:00",2018,10,"3926 W CLYBOURN ST, Milwaukee, WI","OTHER",10,14,3,13300,214,53208,2544636.159,384309.705,0,1,0,0,0,0,0,0,0,0,TRUE,"Violent: Assault",43.0363823,-87.9636831
639859,"181420046","5/22/2018 7:30",2018,5,"10221 W FOND DU LAC AV, Milwaukee, WI","LETHAL CUTTING INSTRUMENT",5,19,4,302,8,53224,2523669.031,420953.653,0,1,0,0,0,0,0,0,0,0,TRUE,"Violent: Assault",43.1389803,-88.0408435
640563,"181490076","5/29/2018 11:40",2018,5,"4948 W HAMPTON AV, Milwaukee, WI","NONE",1,2,7,2800,47,53218,2540938.236,409170.462,0,1,0,0,0,0,0,0,0,0,TRUE,"Violent: Assault",43.1051348,-87.9752924
650084,"182470004","9/3/2018 22:30",2018,9,"6183 N 35TH ST, Milwaukee, WI","PERSONAL WEAPON",1,2,4,1100,21,53209,2545612.877,418119.269,0,1,0,0,0,0,0,0,0,0,TRUE,"Violent: Assault",43.1306709,-87.9562907
650031,"182460089","9/3/2018 3:00",2018,9,"5938 N 68TH ST, Milwaukee, WI",NA,2,2,4,1300,25,53218,2534999.183,416420.056,0,0,0,1,0,0,0,0,0,0,TRUE,"Property: Vandalism",43.1258302,-87.9956021
652589,"182720014","9/28/2018 20:15",2018,9,"7598 W HAMPTON AV, Milwaukee, WI","OTHER",2,NA,7,3000,42,53218,2532858.311,409094.917,0,0,0,0,0,0,1,0,0,0,TRUE,"Violent: Robbery",43.105081,-88.006316
651869,"182650021","9/22/2018 4:05",2018,9,"1200 W GREENFIELD AV, Milwaukee, WI","PERSONAL WEAPON",12,16,2,16400,232,53204,2554441.257,377562.912,0,0,0,0,0,0,1,0,0,0,TRUE,"Violent: Robbery",43.017125,-87.926924
630770,"180450052","2/14/2018 0:50",2018,2,"1819 N CAMBRIDGE AV, Milwaukee, WI","NONE",3,NA,1,10800,179,53202,2563270.244,391461.19,0,0,1,0,0,0,0,0,0,0,TRUE,"Property: Burglary",43.0548906,-87.8928804
626961,"180030149","1/3/2018 23:00",2018,1,"8926 W GRANTOSA DR, Milwaukee, WI","BLUNT",5,NA,7,3300,78,53225,2528236.457,407926.311,0,1,0,0,0,0,0,0,0,0,TRUE,"Violent: Assault",43.1011807,-88.0241814
638696,"181290171","5/9/2018 19:30",2018,5,"9217 N 75TH ST, Milwaukee, WI","PERSONAL WEAPON",9,NA,4,101,4,53223,2532631.654,438041.317,0,1,0,0,0,0,0,0,0,0,TRUE,"Violent: Assault",43.185919,-88.0038653
653918,"182840018","10/11/2018 3:00",2018,10,"3201 N 12TH ST, Milwaukee, WI","LETHAL CUTTING INSTRUMENT",6,4,5,6600,116,53206,2554052.492,398651.074,0,0,0,0,0,0,1,0,0,0,TRUE,"Violent: Robbery",43.0765723,-87.9264395
630773,"180450056","2/13/2018 10:30",2018,2,"4929 N 105TH ST, Milwaukee, WI","UNKNO",5,NA,4,501,35,53225,2522498.008,409343.688,0,0,0,1,0,0,0,0,0,0,TRUE,"Property: Vandalism",43.1073475,-88.0436624
630943,"180460152","2/15/2018 22:00",2018,2,"506 W CHAMBERS ST, Milwaukee, WI","HANDS",6,6,5,6700,121,53212,2556555.644,398031.269,0,1,0,0,0,0,0,0,0,0,TRUE,"Violent: Assault",43.0732223,-87.9172841
626854,"180020144","1/2/2018 20:19",2018,1,"3240 N JULIA ST, Milwaukee, WI","OTHER",6,6,5,7000,121,53212,2556729.638,399230.833,0,1,0,0,0,0,0,0,0,0,TRUE,"Violent: Assault",43.0773126,-87.9164172
639071,"181330131","5/13/2018 20:20",2018,5,"2725 N 45TH ST, Milwaukee, WI","PERSONAL WEAPON",7,5,7,6100,160,53210,2542441.151,395816.644,0,1,0,0,0,0,0,0,0,0,TRUE,"Violent: Assault",43.068529,-87.9702702
634806,"180880105","3/29/2018 8:00",2018,3,"6744 N 77TH ST, Milwaukee, WI","NONE",9,NA,4,600,11,53223,2532046.214,422034.644,0,0,1,0,0,0,0,0,0,0,TRUE,"Property: Burglary",43.1405824,-88.006212
636556,"181080032","4/17/2018 22:00",2018,4,"8536 N SERVITE DR, Milwaukee, WI","UNKNO",9,NA,4,102,5,53223,2531416.711,433630.321,0,0,0,1,0,0,0,0,0,0,TRUE,"Property: Vandalism",43.1731322,-88.0091578
650372,"182490142","9/6/2018 22:22",2018,9,"7351 W MARINE DR, Milwaukee, WI",NA,9,NA,4,101,4,53223,2533687.12,437100.74,0,0,1,0,0,0,0,0,0,0,TRUE,"Property: Burglary",43.1811657,-88.0019975
651908,"182650083","9/21/2018 5:00",2018,9,"3473 N 91ST ST, Milwaukee, WI",NA,5,NA,7,5400,83,53222,2527264.26,400069.259,0,0,1,0,0,0,0,0,0,0,TRUE,"Property: Burglary",43.0821483,-88.0266894
650884,"182550083","9/11/2018 22:00",2018,9,"3183 N 13TH ST, Milwaukee, WI",NA,6,4,5,6600,112,53206,2553726.531,398646.783,0,0,1,0,0,0,0,0,0,0,TRUE,"Property: Burglary",43.0766953,-87.9277369
638071,"181230075","5/3/2018 10:30",2018,5,"2242 S 18TH ST, Milwaukee, WI","HANDGUN",12,17,2,17400,257,53215,2552222.664,373030.613,0,0,0,0,0,0,1,0,0,0,TRUE,"Violent: Robbery",43.0037741,-87.9352995
641114,"181550111","6/4/2018 16:00",2018,6,"2321 N SHERMAN BL, Milwaukee, WI","PERSONAL WEAPON",15,5,3,9100,158,53210,2543141.739,393171.112,0,1,0,0,0,0,0,0,0,0,TRUE,"Violent: Assault",43.061101992177,-87.967980032772
635533,"180960136","4/6/2018 20:15",2018,4,"3648 N 19TH ST, Milwaukee, WI","BLUNT",6,4,5,4600,113,53206,2551754.49,401751.946,0,1,0,0,0,0,0,0,0,0,TRUE,"Violent: Assault",43.0846857,-87.9343244
661614,"183630060","12/29/2018 12:28",2018,12,"2322 N 1ST ST, Milwaukee, WI",NA,6,6,5,185600,141,53212,2558218.486,393415.635,0,1,0,0,0,0,0,0,0,0,TRUE,"Violent: Assault",43.0608402,-87.9105448
639265,"181350134","5/15/2018 12:09",2018,5,"7953 W FIEBRANTZ CT, Milwaukee, WI",NA,5,NA,7,3400,75,53222,2530893.66,403988.004,0,0,1,0,0,0,0,0,0,0,TRUE,"Property: Burglary",43.090634,-88.0128134
655427,"182980128","10/25/2018 8:25",2018,10,"228 S 1ST ST, Milwaukee, WI",NA,12,NA,1,187400,235,53204,2558543.174,382178.219,0,0,0,1,0,0,0,0,0,0,TRUE,"Property: Vandalism",43.0285873,-87.9107228
640319,"181460166","5/26/2018 22:49",2018,5,"4290 N 26TH ST, Milwaukee, WI","FIREARM",1,4,5,4200,61,53209,2548702.475,405038.01,0,0,0,0,1,0,0,0,0,0,TRUE,"Violent: Homicide",43.0948426,-87.9454774
642929,"181740004","6/22/2018 20:00",2018,6,"3822 S AUSTIN ST, Milwaukee, WI",NA,14,NA,6,20600,294,53207,2559915.918,363247.865,0,0,1,0,0,0,0,0,0,0,TRUE,"Property: Burglary",42.9751321,-87.9073892
635569,"180970032","4/7/2018 4:50",2018,4,"3835 N 3RD ST, Milwaukee, WI","ROCK",6,6,5,4400,119,53212,2557318.569,402592.778,0,0,0,1,0,0,0,0,0,0,TRUE,"Property: Vandalism",43.0865238,-87.913907
657084,"183150002","11/10/2018 23:00",2018,11,"8872 N 95TH ST, Milwaukee, WI","BLUNT OBJECT,LETHAL CUTTING INSTRUMENT",9,18,4,201,2,53224,2525859.532,435433.014,0,1,0,0,0,0,0,0,0,0,TRUE,"Violent: Assault",43.1798568,-88.0278635
662845,"190130032","1/12/2018 20:00",2018,1,"3140 N PALMER ST, Milwaukee, WI","PERSONAL WEAPON",6,6,5,7000,122,53212,2558693.311,398714.08,0,1,0,0,0,0,0,0,0,0,TRUE,"Violent: Assault",43.0757081,-87.9086191
661187,"183580101","12/22/2018 15:00",2018,12,"2550 N SHERMAN BL, Milwaukee, WI","PERSONAL WEAPON",15,5,3,6100,154,53210,2543123.547,394498.622,0,1,0,0,0,0,0,0,0,0,TRUE,"Violent: Assault",43.065392981779,-87.967089958474
645211,"181960194","7/15/2018 16:00",2018,7,"4628 N 76TH ST, Milwaukee, WI",NA,2,NA,7,3200,73,53218,2532258.109,407657.45,0,0,1,0,0,0,0,0,0,0,TRUE,"Property: Burglary",43.1016631,-88.0065779
658673,"183310110","11/27/2018 14:00",2018,11,"3437 N 36TH ST, Milwaukee, WI","FIREARM",7,5,7,4800,102,53216,2545404.042,400702.372,0,1,0,0,0,0,0,0,0,0,TRUE,"Violent: Assault",43.0819872,-87.9586903
642991,"181740119","6/23/2018 15:45",2018,6,"401 E CAPITOL DR, Milwaukee, WI",NA,6,7,5,4400,124,53212,2558987.437,404004.853,0,1,0,0,0,0,0,0,0,0,TRUE,"Violent: Assault",43.0876381,-87.905947
650349,"182490101","9/6/2018 15:55",2018,9,"4572 N SHERMAN BL, Milwaukee, WI",NA,7,1,7,2600,64,53209,2542978.878,407144.097,0,0,1,0,0,0,0,0,0,0,TRUE,"Property: Burglary",43.100470995112,-87.96638302876
657026,"183140065","11/10/2018 10:58",2018,11,"312 W ORCHARD ST, Milwaukee, WI","PERSONAL WEAPON",12,16,2,16500,240,53204,2557860.296,377285.93,0,1,0,0,0,0,0,0,0,0,TRUE,"Violent: Assault",43.0162136,-87.9144946
646078,"182050093","7/24/2018 13:00",2018,7,"9092 N 76TH ST, Milwaukee, WI","HANDGUN",9,NA,4,101,4,53223,2532250.88,437358.964,0,1,0,0,0,0,0,0,0,0,TRUE,"Violent: Assault",43.1841518,-88.0040872
667797,"190840081","12/1/2018 13:00",2018,12,"2738 S 10TH ST, Milwaukee, WI",NA,14,17,2,18600,252,53215,2555112.194,369745.774,0,0,0,1,0,0,0,0,0,0,TRUE,"Property: Vandalism",42.9947252,-87.9247869
647072,"182150156","8/3/2018 22:43",2018,8,"3770 N 78TH ST, Milwaukee, WI",NA,5,NA,7,5200,90,53222,2531653.093,401572.726,0,0,1,0,0,0,0,0,0,0,TRUE,"Property: Burglary",43.0860069,-88.009502
630032,"180360028","2/5/2018 8:35",2018,2,"7948 W LEON TR, Milwaukee, WI","NONE",2,NA,4,1600,40,53218,2531418.727,413848.489,0,1,0,0,0,0,0,0,0,0,TRUE,"Violent: Assault",43.119205009713,-88.010390032088
641572,"181600051","6/9/2018 1:00",2018,6,"1959 S 11TH ST, Milwaukee, WI",NA,12,16,2,16800,238,53204,2554812.939,375063.749,0,0,1,0,0,0,0,0,0,0,TRUE,"Property: Burglary",43.0089337,-87.9259263
646222,"182070009","7/25/2018 20:00",2018,7,"3121 N 29TH ST, Milwaukee, WI","OTHER",7,4,5,6300,105,53216,2547765.779,398611.092,0,1,0,0,0,0,0,0,0,0,TRUE,"Violent: Assault",43.0758035,-87.9500036
632348,"180620113","2/27/2018 19:00",2018,2,"4500 W CUSTER AV, Milwaukee, WI","HANDS",1,2,4,2000,49,53218,2542304.052,413211.123,0,1,0,0,0,0,0,0,0,0,TRUE,"Violent: Assault",43.1168196,-87.9684635
637893,"181210062","5/1/2018 10:00",2018,5,"4206 N 27TH ST, Milwaukee, WI",NA,1,4,5,4200,61,53216,2548368.316,405037.957,0,0,1,0,0,0,0,0,0,0,TRUE,"Property: Burglary",43.0933304,-87.9465884
648025,"182250182","8/13/2018 19:00",2018,8,"4910 N 49TH ST, Milwaukee, WI",NA,1,2,7,2800,47,53218,2541050.015,409504.199,0,0,1,0,0,0,0,0,0,0,TRUE,"Property: Burglary",43.1068085,-87.9736397
630701,"180440102","2/13/2018 16:30",2018,2,"5501 W FOND DU LAC AV, Milwaukee, WI","NONE",2,NA,7,3600,70,53216,2538975.897,405389.735,0,1,0,0,0,0,0,0,0,0,TRUE,"Violent: Assault",43.0942857,-87.9826599
646164,"182060081","7/20/2018 12:01",2018,7,"6020 N 35TH ST, Milwaukee, WI","PERSONAL WEAPON",1,2,4,1100,21,53209,2545615.199,417264.531,0,1,0,0,0,0,0,0,0,0,TRUE,"Violent: Assault",43.1271131,-87.9557584
661170,"183580070","12/23/2018 20:00",2018,12,"7144 N 38TH ST, Milwaukee, WI","MOTOR VEHICLE",1,NA,4,900,18,53209,2544647.343,424831.18,0,1,0,0,0,0,0,0,0,0,TRUE,"Violent: Assault",43.1475879,-87.9588025
639541,"181380143","5/18/2018 18:35",2018,5,"3500 N 23RD ST, Milwaukee, WI","LETHAL CUTTING INSTRUMENT",6,4,5,4700,109,53206,2550022.212,401294.994,0,1,0,0,0,0,0,0,0,0,TRUE,"Violent: Assault",43.082562,-87.940984
646857,"182130080","8/1/2018 14:10",2018,8,"2549 S 12TH ST, Milwaukee, WI","PERSONAL WEAPON",12,17,2,18700,323,53215,2554451.314,371058.884,0,1,0,0,0,0,0,0,0,0,TRUE,"Violent: Assault",42.9981001,-87.9276051
651465,"182610107","9/18/2018 13:00",2018,9,"6602 W CARMEN AV, Milwaukee, WI","PERSONAL WEAPON",2,2,4,1300,25,53218,2535670.253,415765.815,0,1,0,0,0,0,0,0,0,0,TRUE,"Violent: Assault",43.1233181,-87.9936992
641655,"181610082","6/10/2018 2:00",2018,6,"5750 N 91ST ST, Milwaukee, WI",NA,2,2,4,1500,30,53225,2527055.079,414908.587,0,1,0,0,0,0,0,0,0,0,TRUE,"Violent: Assault",43.1225582,-88.0254272
636875,"181110123","4/21/2018 19:05",2018,4,"3431 N 93RD ST, Milwaukee, WI","16",5,NA,7,5500,83,53222,2526618.414,400044.322,0,1,0,0,0,0,0,0,0,0,TRUE,"Violent: Assault",43.0812725,-88.0291038
658771,"183320077","11/28/2018 7:30",2018,11,"6738 W CHAMBERS ST, Milwaukee, WI","PERSONAL WEAPON",10,NA,7,5800,92,53210,2535988.114,397709.075,0,1,0,0,0,0,0,0,0,0,TRUE,"Violent: Assault",43.0737758,-87.997038
655919,"183030006","10/29/2018 22:39",2018,10,"4175 N 68TH ST, Milwaukee, WI",NA,2,NA,7,3500,70,53216,2534999.774,404356.447,0,0,0,1,0,0,0,0,0,0,TRUE,"Property: Vandalism",43.0934377,-87.9973468
661160,"183580053","12/24/2018 9:35",2018,12,"3701 S 27TH ST, Milwaukee, WI","NONE",13,NA,6,20000,282,53221,2548994.472,363849.322,0,0,0,0,0,0,1,0,0,0,TRUE,"Violent: Robbery",42.9774324,-87.9498932
654821,"182920157","10/19/2018 0:00",2018,10,"5170 N 76TH ST, Milwaukee, WI",NA,2,NA,7,3000,42,53218,2532417.25,411440.36,0,0,0,1,0,0,0,0,0,0,TRUE,"Property: Vandalism",43.1117583,-88.005531
652869,"182740149","10/1/2018 19:00",2018,10,"1643 S 7TH ST, Milwaukee, WI","NONE",12,16,2,16700,237,53204,2556325.983,376553.026,0,1,0,0,0,0,0,0,0,0,TRUE,"Violent: Assault",43.0132295,-87.9201168
653441,"182800057","10/7/2018 7:50",2018,10,"3121 S 24TH ST, Milwaukee, WI",NA,13,NA,6,20100,284,53215,2549941.896,367047.855,0,0,0,1,0,0,0,0,0,0,TRUE,"Property: Vandalism",42.987951,-87.944829
658623,"183310025","11/27/2018 4:50",2018,11,"945 N 12TH ST, Milwaukee, WI","OTHER",4,NA,3,14600,190,53233,2554108.128,386505.052,0,1,0,0,0,0,0,0,0,0,TRUE,"Violent: Assault",43.0425649,-87.9279659
641334,"181570132","6/6/2018 17:43",2018,6,"9089 N 75TH ST, Milwaukee, WI",NA,9,NA,4,101,4,53223,2532835.351,437243.245,0,0,1,0,0,0,0,0,0,0,TRUE,"Property: Burglary",43.1830085,-88.0034925
658089,"183250117","11/21/2018 16:54",2018,11,"3500 N PORT WASHINGTON AV, Milwaukee, WI","PERSONAL WEAPON",6,6,5,4400,119,53212,2556351.128,401329.593,0,1,0,0,0,0,0,0,0,0,TRUE,"Violent: Assault",43.0823532,-87.9170379
647758,"182230057","8/11/2018 9:02",2018,8,"5555 N 91ST ST, Milwaukee, WI","HANDGUN",2,NA,4,502,37,53225,2527079.383,412913.744,0,1,0,0,0,0,0,0,0,0,TRUE,"Violent: Assault",43.118764,-88.0265279
657641,"183210007","11/16/2018 22:00",2018,11,"3221 W CLYBOURN ST, Milwaukee, WI",NA,4,14,3,13400,197,53208,2546981.674,384345.996,0,0,1,0,0,0,0,0,0,0,TRUE,"Property: Burglary",43.0359361,-87.954742
640832,"181520025","6/1/2018 0:30",2018,6,"2962 N 26TH ST, Milwaukee, WI","PERSONAL WEAPON",7,4,5,6400,111,53206,2548781.755,397289.84,0,1,0,0,0,0,0,0,0,0,TRUE,"Violent: Assault",43.072929,-87.9458335
640856,"181520069","5/26/2018 13:00",2018,5,"3241 N 49TH ST, Milwaukee, WI","FIREARM",7,5,7,4900,97,53216,2541054.712,399123.167,0,0,0,1,0,0,0,0,0,0,TRUE,"Property: Vandalism",43.0779762,-87.9751334
634670,"180870063","3/28/2018 10:00",2018,3,"7966 N GRANVILLE RD, Milwaukee, WI","HANDS",9,NA,4,202,6,53224,2525204.809,429275.968,0,1,0,0,0,0,0,0,0,0,TRUE,"Violent: Assault",43.1628107,-88.0315957
632618,"180650106","3/6/2018 13:30",2018,3,"9030 N 95TH ST, Milwaukee, WI","HANDS",9,18,4,201,2,53224,2525859.532,435433.014,0,1,0,0,0,0,0,0,0,0,TRUE,"Violent: Assault",43.1814521,-88.0273169
630351,"180400006","1/30/2018 8:00",2018,1,"303 W JUNEAU AV, Milwaukee, WI","UNKNO",4,13,1,186300,189,53203,2557481.2,388087.351,0,0,1,0,0,0,0,0,0,0,TRUE,"Property: Burglary",43.0455022,-87.9148574
639086,"181340017","5/14/2018 1:45",2018,5,"1448 N 9TH ST, Milwaukee, WI","PERSONAL WEAPON",6,13,5,14100,176,53205,2555169.491,389046.589,0,1,0,0,0,0,0,0,0,0,TRUE,"Violent: Assault",43.0495253,-87.9230241
652987,"182750181","10/2/2018 19:00",2018,10,"2561 N 33RD ST, Milwaukee, WI","PERSONAL WEAPON",15,8,3,8900,152,53210,2546405.131,394578.923,0,1,0,0,0,0,0,0,0,0,TRUE,"Violent: Assault",43.065618,-87.9554716
651642,"182620189","9/19/2018 20:30",2018,9,"2305 W ATKINSON AV, Milwaukee, WI","PERSONAL WEAPON",1,4,5,4200,61,53209,2550054.95,405109.207,0,1,0,0,0,0,0,0,0,0,TRUE,"Violent: Assault",43.0929146,-87.9412196
628688,"180220027","1/21/2018 20:30",2018,1,"5437 N 91ST ST, Milwaukee, WI","UNKNO",2,NA,4,502,37,53225,2527079.383,412913.744,0,0,0,1,0,0,0,0,0,0,TRUE,"Property: Vandalism",43.1166858,-88.0263067
643941,"181840021","7/3/2018 0:40",2018,7,"1804 W GRANT ST, Milwaukee, WI",NA,12,17,2,17400,257,53215,2552222.664,373030.613,0,0,0,1,0,0,0,0,0,0,TRUE,"Property: Vandalism",43.0049291,-87.9357806
654044,"182850040","10/5/2018 20:00",2018,10,"2059 S ALLIS ST, Milwaukee, WI",NA,14,NA,2,18000,241,53207,2560598.33,373964.489,0,0,1,0,0,0,0,0,0,0,TRUE,"Property: Burglary",43.0063664,-87.9042502
654871,"182930080","10/20/2018 13:30",2018,10,"7320 W CAPITOL DR, Milwaukee, WI","PERSONAL WEAPON",2,NA,7,3500,74,53216,2533416.769,403623.945,0,1,0,0,0,0,0,0,0,0,TRUE,"Violent: Assault",43.090319,-88.0038404
631454,"180520020","2/21/2018 3:00",2018,2,"8941 N SWAN RD, Milwaukee, WI","HANDS",9,NA,4,201,2,53224,2526965.001,435473.391,0,1,0,0,0,0,0,0,0,0,TRUE,"Violent: Assault",43.1810325,-88.0247324
643087,"181750126","6/24/2018 17:00",2018,6,"5265 W FOND DU LAC AV, Milwaukee, WI","PERSONAL WEAPON",2,NA,7,3600,70,53216,2539870.516,404470.502,0,1,0,0,0,0,0,0,0,0,TRUE,"Violent: Assault",43.0917907,-87.9795097
633470,"180740171","3/15/2018 23:03",2018,3,"2838 N 28TH ST, Milwaukee, WI","RIFLE",15,9,5,8800,151,53210,2548126.506,396615.144,0,1,0,0,0,0,0,0,0,0,TRUE,"Violent: Assault",43.0706048,-87.9483693
634919,"180890144","3/30/2018 11:30",2018,3,"5828 N 43RD ST, Milwaukee, WI","UNKNO",1,2,4,1100,22,53209,2542955.14,415639.976,0,0,1,0,0,0,0,0,0,0,TRUE,"Property: Burglary",43.1236447,-87.9657961
632034,"180580161","2/27/2018 20:20",2018,2,"4145 N 50TH ST, Milwaukee, WI","HANDS",7,1,7,4000,69,53216,2540660.912,404438.503,0,1,0,0,0,0,0,0,0,0,TRUE,"Violent: Assault",43.0927136,-87.9760917
645367,"181980104","7/16/2018 20:30",2018,7,"2551 N 51ST ST, Milwaukee, WI","PERSONAL WEAPON",10,5,3,6000,165,53210,2540452.445,394447.803,0,1,0,0,0,0,0,0,0,0,TRUE,"Violent: Assault",43.0654616,-87.9777931
631572,"180530050","2/22/2018 10:00",2018,2,"4760 N 36TH ST, Milwaukee, WI","BLUNT/HANDS",7,1,7,2600,64,53209,2545330.915,408519.485,0,1,0,0,0,0,0,0,0,0,TRUE,"Violent: Assault",43.1039262,-87.9577375
660821,"183540097","12/19/2018 17:00",2018,12,"1755 N CAMBRIDGE AV, Milwaukee, WI",NA,3,NA,1,10800,179,53202,2563316.016,390871.079,0,0,0,1,0,0,0,0,0,0,TRUE,"Property: Vandalism",43.0542005,-87.8928485
661517,"183620044","12/27/2018 15:40",2018,12,"3314 W MT VERNON AV, Milwaukee, WI","PERSONAL WEAPON",4,14,3,13400,197,53208,2546667.474,383439.629,0,1,0,0,0,0,0,0,0,0,TRUE,"Violent: Assault",43.0339101,-87.9557932
660123,"183470078","12/13/2018 14:00",2018,12,"1201 W ATKINSON AV, Milwaukee, WI","LETHAL CUTTING INSTRUMENT",6,4,5,4500,115,53206,2554033.152,402341.325,0,0,0,0,0,0,1,0,0,0,TRUE,"Violent: Robbery",43.085026,-87.92618
646793,"182120148","7/30/2018 22:00",2018,7,"2925 W HAYES AV, Milwaukee, WI",NA,8,17,2,17300,258,53215,2548219.17,371674.67,0,0,0,1,0,0,0,0,0,0,TRUE,"Property: Vandalism",43.0011272,-87.951415
632126,"180590151","2/28/2018 23:00",2018,2,"3554 N 10TH ST, Milwaukee, WI","HANDS",6,4,5,4500,118,53206,2554699.038,401306.394,0,1,0,0,0,0,0,0,0,0,TRUE,"Violent: Assault",43.0828329,-87.9233187
653261,"182780097","10/5/2018 14:00",2018,10,"1410 W HARRISON AV, Milwaukee, WI","BLUNT OBJECT,PERSONAL WEAPON",12,17,2,18700,323,53215,2553766.392,370478.021,0,1,0,1,0,0,0,0,0,0,TRUE,"Violent: Assault",42.997879,-87.9303772
644053,"181850057","7/1/2018 15:30",2018,7,"2726 W CLYBOURN ST, Milwaukee, WI",NA,4,14,3,14900,196,53208,2548662.597,384381.438,0,0,1,0,0,0,0,0,0,0,TRUE,"Property: Burglary",43.0363318,-87.948614
659784,"183430140","10/13/2018 1:15",2018,10,"5340 N 50TH ST, Milwaukee, WI",NA,1,2,4,2000,49,53218,2540668.326,412511.617,0,0,0,1,0,0,0,0,0,0,TRUE,"Property: Vandalism",43.1147786,-87.9748093
628756,"180220122","1/21/2018 16:00",2018,1,"2820 W WELLS ST, Milwaukee, WI","NONE",4,14,3,13500,198,53208,2548286.69,385881.602,0,0,1,0,0,0,0,0,0,0,TRUE,"Property: Burglary",43.0406822,-87.9498091
659817,"183440045","12/7/2018 17:00",2018,12,"1901 W BURNHAM ST, Milwaukee, WI",NA,8,15,2,16900,224,53204,2551883.481,375024.677,0,0,1,0,0,0,0,0,0,0,TRUE,"Property: Burglary",43.0101726,-87.9250158
636266,"181040091","4/14/2018 16:55",2018,4,"6212 W CAPITOL DR, Milwaukee, WI","HANDG",2,NA,7,3500,70,53216,2537020.633,403723.736,0,1,0,0,0,0,0,0,0,0,TRUE,"Violent: Assault",43.090249,-87.9900109
632783,"180670095","3/8/2018 6:30",2018,3,"2650 N 4TH ST, Milwaukee, WI","UNKNO",NA,NA,NA,NA,NA,NA,NA,NA,0,0,1,0,0,0,0,0,0,0,TRUE,"Property: Burglary",43.0668968,-87.9152928
634172,"180820012","3/23/2018 2:35",2018,3,"8901 N 95TH ST, Milwaukee, WI","IMPLI",9,18,4,201,1,53224,2525859.532,435433.014,0,1,0,0,0,0,0,0,0,0,TRUE,"Violent: Assault",43.1794477,-88.0288867
633529,"180750083","3/15/2018 21:30",2018,3,"2511 W VINE ST, Milwaukee, WI","HANDS",15,12,3,185800,173,53205,2549193.737,391227.233,0,1,0,0,0,0,0,0,0,0,TRUE,"Violent: Assault",43.0547966,-87.9456137
634509,"180850119","3/26/2018 6:30",2018,3,"2855 S 11TH ST, Milwaukee, WI","UNKNO",14,17,6,18700,252,53215,2554793.265,369050.293,0,0,1,0,0,0,0,0,0,0,TRUE,"Property: Burglary",42.9924836,-87.9265332
649512,"182400175","8/28/2018 21:45",2018,8,"8931 W MONROVIA AV, Milwaukee, WI","LETHAL CUTTING INSTRUMENT",2,2,4,1400,29,53225,2527716.014,418598.013,0,1,0,0,0,0,0,0,0,0,TRUE,"Violent: Assault",43.1313926,-88.0241399
632262,"180610096","3/2/2018 17:35",2018,3,"7919 N 60TH ST, Milwaukee, WI","HANDG/HANDS",9,NA,4,700,14,53223,2537616.584,428815.826,0,0,0,0,0,0,1,0,0,0,TRUE,"Violent: Robbery",43.1617995,-87.9854545
644100,"181850140","7/4/2018 18:40",2018,7,"3100 N 33RD ST, Milwaukee, WI",NA,7,5,7,6300,105,53216,2546349.924,398572.092,0,0,0,1,0,0,0,0,0,0,TRUE,"Property: Vandalism",43.075338,-87.954962
643039,"181750040","6/24/2018 3:19",2018,6,"6032 N SHERMAN BL, Milwaukee, WI","PERSONAL WEAPON",1,2,4,1100,21,53209,2542940.382,417231.465,0,1,0,0,0,0,0,0,0,0,TRUE,"Violent: Assault",43.127540016141,-87.965742986633
647129,"182160112","8/4/2018 13:30",2018,8,"6061 N 38TH ST, Milwaukee, WI","PERSONAL WEAPON",1,2,4,1100,21,53209,2544650.124,417252.603,0,1,0,0,0,0,0,0,0,0,TRUE,"Violent: Assault",43.128051,-87.960033
655995,"183030141","10/29/2018 6:00",2018,10,"3406 W JUNEAU AV, Milwaukee, WI",NA,4,14,3,12200,200,53208,2546238.794,387876.984,0,0,1,0,0,0,0,0,0,0,TRUE,"Property: Burglary",43.0460893,-87.9568297
630213,"180380048","2/7/2018 10:50",2018,2,"6327 W CAPITOL DR, Milwaukee, WI","HANDG/UNKNO",2,NA,7,5100,70,53216,2536681.227,403714.293,0,0,0,1,0,0,0,0,0,0,TRUE,"Property: Vandalism",43.089668,-87.9916885
629206,"180270051","1/27/2018 9:35",2018,1,"2817 N 11TH LA, Milwaukee, WI","HANDS",15,10,5,8400,143,53206,2554159.178,396672.265,0,1,0,0,0,0,0,0,0,0,TRUE,"Violent: Assault",43.0699309,-87.9261761
659268,"183380093","12/4/2018 14:04",2018,12,"6070 N 38TH ST, Milwaukee, WI","HANDGUN",1,2,4,1100,21,53209,2544650.124,417252.603,0,1,0,0,0,0,0,0,0,0,TRUE,"Violent: Assault",43.1282443,-87.9595006
638854,"181310074","5/11/2018 11:34",2018,5,"224 W BRUCE ST, Milwaukee, WI",NA,12,16,2,186500,235,53204,2558147.264,380658.67,0,0,0,1,0,0,0,0,0,0,TRUE,"Property: Vandalism",43.0255265,-87.9136305
631216,"180490176","2/18/2018 23:23",2018,2,"1143 N 29TH ST, Milwaukee, WI","HANDS",4,14,3,13600,199,53208,2547826.138,387423.124,0,1,0,0,0,0,0,0,0,0,TRUE,"Violent: Assault",43.045563,-87.9508326
669291,"191030027","4/13/2019 3:00",2019,4,"611 N BROADWAY, Milwaukee, WI","PERSONAL WEAPON",4,NA,1,187400,186,53202,2559355.547,385119.602,0,1,0,0,0,0,0,0,1,0,TRUE,"Violent: Assault",43.0378076,-87.9081246
674301,"191590095","6/8/2019 5:15",2019,6,"4400 W HADLEY ST, Milwaukee, WI","MOTOR VEHICLE",7,5,7,6100,160,53210,2542747.574,396482.558,0,1,0,0,0,0,0,0,0,0,TRUE,"Violent: Assault",43.069809,-87.968913
684416,"192600088","9/17/2019 15:15",2019,9,"9575 W ALLYN ST, Milwaukee, WI","PERSONAL WEAPON",9,18,4,201,1,53224,2526106.541,437460.845,0,1,0,0,0,0,0,0,0,0,TRUE,"Violent: Assault",43.1830552,-88.0294652
674750,"191640024","6/13/2019 7:25",2019,6,"6900 N 76TH ST, Milwaukee, WI","HANDGUN",9,NA,4,600,12,53223,2532281.88,423041.823,0,1,0,0,0,0,0,0,0,0,TRUE,"Violent: Assault",43.1434497,-88.0049878
661815,"190010007","1/1/2019 0:10",2019,1,"9010 N 95TH ST, Milwaukee, WI","HANDGUN",9,18,4,201,2,53224,2525859.532,435433.014,0,0,0,0,0,0,1,0,0,0,TRUE,"Violent: Robbery",43.1810636,-88.0282404
676038,"191770096","6/26/2019 14:15",2019,6,"4966 N 21ST ST, Milwaukee, WI","BLUNT OBJECT",1,3,7,2300,57,53209,2550607.52,410094.185,0,1,0,0,0,0,0,0,0,0,TRUE,"Violent: Assault",43.1080219,-87.9377872
683383,"192490112","9/6/2019 15:54",2019,9,"3155 N 28TH ST, Milwaukee, WI","PERSONAL WEAPON",7,4,5,6300,106,53216,2548095.924,398620.185,0,1,0,0,0,0,0,0,0,0,TRUE,"Violent: Assault",43.0764757,-87.9487883
676164,"191790004","6/27/2019 23:40",2019,6,"1036 N 8TH ST, Milwaukee, WI",NA,4,NA,1,186300,189,53233,2555576.315,387036.836,0,0,0,1,0,0,0,0,0,0,TRUE,"Property: Vandalism",43.0440132,-87.9209393
691955,"193420134","12/8/2019 19:45",2019,12,"4926 N 50TH ST, Milwaukee, WI",NA,1,2,7,2800,47,53218,2540717.96,409547.69,0,1,0,0,0,0,0,0,0,0,TRUE,"Violent: Assault",43.1071781,-87.9748598
676093,"191780037","6/27/2019 6:18",2019,6,"1009 N JACKSON ST, Milwaukee, WI","OTHER",4,NA,1,14400,185,53202,2560141.327,387445.136,0,1,0,0,0,0,0,0,0,0,TRUE,"Violent: Assault",43.0439946,-87.9052117
667181,"190760148","3/17/2019 19:30",2019,3,"3327 N 40TH ST, Milwaukee, WI","NONE",7,5,7,4800,104,53216,2544146.736,399942.377,0,1,0,0,0,0,0,0,0,0,TRUE,"Violent: Assault",43.079504,-87.963301
681507,"192310045","8/19/2019 2:42",2019,8,"4383 N 27TH ST, Milwaukee, WI",NA,1,4,5,4200,61,53209,2548358.298,406586.849,0,0,1,0,0,0,0,0,0,0,TRUE,"Property: Burglary",43.0970204,-87.9470972
679831,"192140052","8/1/2019 15:00",2019,8,"3055 N OAKLAND AV, Milwaukee, WI",NA,3,NA,1,7800,128,53211,2564317.845,398153.716,0,0,1,0,0,0,0,0,0,0,TRUE,"Property: Burglary",43.0741297,-87.8882451
663914,"190280008","1/28/2019 2:45",2019,1,"4660 N 28TH ST, Milwaukee, WI","PERSONAL WEAPON",1,2,5,2400,62,53209,2548019.429,407954.305,0,1,0,0,0,0,0,0,0,0,TRUE,"Violent: Assault",43.1021978,-87.9476805
665062,"190460020","2/15/2019 1:47",2019,2,"4010 W VERA AV, Milwaukee, WI","PERSONAL WEAPON",1,NA,4,900,19,53209,2544187.201,423461.808,0,1,0,0,0,0,0,0,0,0,TRUE,"Violent: Assault",43.1438493,-87.9612352
686226,"192800037","10/3/2019 17:00",2019,10,"2100 W NORTH AV, Milwaukee, WI",NA,15,9,3,185400,149,53205,2550815.602,393318.706,0,0,1,0,0,0,0,0,0,0,TRUE,"Property: Burglary",43.0610126,-87.9400421
671172,"191260034","5/6/2019 0:05",2019,5,"2912 N 11TH ST, Milwaukee, WI",NA,6,4,5,6600,117,53206,2554321.573,397311.704,0,0,1,0,0,0,0,0,0,0,TRUE,"Property: Burglary",43.0716341,-87.9250844
688920,"193100010","11/5/2019 23:00",2019,11,"4105 N 24TH ST, Milwaukee, WI","ASPHYXIATION",1,4,5,4200,60,53209,2549707.783,403935.213,0,1,0,0,0,0,0,0,0,0,TRUE,"Violent: Assault",43.0917077,-87.9422937
672602,"191420032","5/22/2019 4:47",2019,5,"3858 S MINER ST, Milwaukee, WI",NA,13,NA,6,20000,282,53221,2547479.897,362282.113,0,0,0,1,0,0,0,0,0,0,TRUE,"Property: Vandalism",42.9750192,-87.9528696
677091,"191880053","7/7/2019 5:20",2019,7,"2431 N 39TH ST, Milwaukee, WI","PERSONAL WEAPON",15,5,3,9000,156,53210,2544541.341,393871.524,0,1,0,0,0,0,0,0,0,0,TRUE,"Violent: Assault",43.0631516,-87.9625311
665349,"190500051","2/18/2019 20:00",2019,2,"4520 N 27TH ST, Milwaukee, WI","PERSONAL WEAPON",1,4,5,4200,62,53209,2548350.69,407287.024,0,1,0,0,0,0,0,0,0,0,TRUE,"Violent: Assault",43.0995016,-87.9464386
668185,"190890040","3/30/2019 8:33",2019,3,"4123 N 16TH ST, Milwaukee, WI",NA,1,4,5,4300,59,53209,2552706.925,404610.784,0,0,0,1,0,0,0,0,0,0,TRUE,"Property: Vandalism",43.09196,-87.9310217
678495,"192020003","7/20/2019 23:00",2019,7,"4637 N 35TH ST, Milwaukee, WI",NA,7,1,7,2600,64,53209,2545659.188,407869.117,0,0,0,1,0,0,0,0,0,0,TRUE,"Property: Vandalism",43.1015699,-87.9570721
711634,"202030124","11/1/2019 8:00",2019,11,"4022 W ORCHARD ST, Milwaukee, WI",NA,8,15,2,16100,217,53215,2544657.021,376929.648,0,0,1,0,0,0,0,0,0,0,TRUE,"Property: Burglary",43.0161556,-87.9641539
673125,"191470064","5/26/2019 21:30",2019,5,"176 W WISCONSIN AV, Milwaukee, WI","PERSONAL WEAPON",4,NA,1,186300,188,53203,2558389.405,385562.857,0,1,0,0,0,0,0,0,0,0,TRUE,"Violent: Assault",43.0390913,-87.9126153
671532,"191300055","5/10/2019 9:50",2019,5,"6700 N 80TH ST, Milwaukee, WI","PERSONAL WEAPON",9,NA,4,600,11,53223,2530970.068,421417.46,0,1,0,0,0,0,0,0,0,0,TRUE,"Violent: Assault",43.1390666,-88.0096075
684092,"192570044","9/14/2019 1:00",2019,9,"3822 W HOPE AV, Milwaukee, WI","NONE",7,1,7,4100,65,53216,2544521.945,405186.621,0,1,0,0,0,0,0,0,0,0,TRUE,"Violent: Assault",43.0936882,-87.9613889
693244,"193560100","12/22/2019 15:15",2019,12,"2839 W ATKINSON AV, Milwaukee, WI","PERSONAL WEAPON",1,4,5,4200,63,53209,2548026.893,406929.547,0,1,0,0,0,0,0,0,0,0,TRUE,"Violent: Assault",43.0983639,-87.9490597
677918,"191960068","7/14/2019 17:00",2019,7,"2083 S MUSKEGO AV, Milwaukee, WI",NA,8,15,2,17000,223,53204,2550511.647,374078.512,0,0,0,1,0,0,0,0,0,0,TRUE,"Property: Vandalism",43.0068781,-87.9426219
676781,"191850059","7/4/2019 9:00",2019,7,"2806 N 22ND ST, Milwaukee, WI","NONE",15,9,5,8700,147,53206,2550441.106,396645.288,0,1,0,0,0,0,0,0,0,0,TRUE,"Violent: Assault",43.0698676,-87.9397123
691348,"193370016","12/3/2019 5:47",2019,12,"5663 N 60TH ST, Milwaukee, WI",NA,9,2,4,1200,23,53218,2537668.673,414809.363,0,0,1,0,0,0,0,0,0,0,TRUE,"Property: Burglary",43.120942,-87.9864271
668651,"190950107","4/5/2019 12:00",2019,4,"2207 W SUNBURY CT, Milwaukee, WI",NA,13,NA,6,20100,284,53215,2550605.022,365405.341,0,0,0,1,0,0,0,0,0,0,TRUE,"Property: Vandalism",42.9837765,-87.9425726
685249,"192680160","9/25/2019 19:28",2019,9,"3538 N 21ST ST, Milwaukee, WI","PERSONAL WEAPON",6,4,5,4700,109,53206,2550722.08,401295.212,0,1,0,0,0,0,0,0,0,0,TRUE,"Violent: Assault",43.0832566,-87.9381799
688206,"193010164","10/28/2019 19:38",2019,10,"3153 S 43RD ST, Milwaukee, WI","PERSONAL WEAPON",11,NA,6,19100,280,53219,2543700.423,366838.788,0,1,0,0,0,0,0,0,0,0,TRUE,"Violent: Assault",42.9870877,-87.9682469
662133,"190040135","1/4/2019 18:12",2019,1,"2675 W HOPKINS ST, Milwaukee, WI","LETHAL CUTTING INSTRUMENT",7,4,5,6500,107,53206,2548736.977,401301.096,0,0,0,0,0,0,1,0,0,0,TRUE,"Violent: Robbery",43.0831699,-87.946853
678657,"192030088","7/21/2019 21:00",2019,7,"1400 W PIERCE ST, Milwaukee, WI",NA,12,16,2,186800,234,53204,2554018.198,380176.6,0,0,0,1,0,0,0,0,0,0,TRUE,"Property: Vandalism",43.0244502,-87.9301853
680269,"192180158","8/6/2019 7:25",2019,8,"7726 W CENTER ST, Milwaukee, WI",NA,5,NA,7,5700,87,53222,2532425.55,395621.649,0,0,1,0,0,0,0,0,0,0,TRUE,"Property: Burglary",43.0682138,-88.0096902
665509,"190520092","2/15/2019 10:00",2019,2,"3068 N 44TH ST, Milwaukee, WI","BLUNT OBJECT",7,5,7,4900,103,53210,2542728.181,397820.473,0,1,0,0,0,0,0,0,0,0,TRUE,"Violent: Assault",43.0749141,-87.9683455
692718,"193500146","12/16/2019 8:00",2019,12,"5331 N 37TH ST, Milwaukee, WI",NA,1,2,4,2100,52,53209,2545004.042,412599.092,0,0,1,0,0,0,0,0,0,0,TRUE,"Property: Burglary",43.11449,-87.9591033
671302,"191270085","5/7/2019 15:46",2019,5,"7605 W GOOD HOPE RD, Milwaukee, WI","HANDGUN",9,NA,4,304,9,53223,2532271.816,425032.229,0,0,0,0,0,0,1,0,0,0,TRUE,"Violent: Robbery",43.1482252,-88.0060376
693433,"193580064","12/24/2019 13:40",2019,12,"1303 N 57TH ST, Milwaukee, WI",NA,10,NA,3,12400,204,53208,2538818.849,388285.704,0,0,1,0,0,0,0,0,0,0,TRUE,"Property: Burglary",43.0476274,-87.9844514
666190,"190620030","3/3/2019 4:00",2019,3,"800 W CLARKE ST, Milwaukee, WI","MOTOR VEHICLE",15,10,3,8400,143,53206,2555414.438,395354.219,0,1,0,0,0,0,0,0,0,0,TRUE,"Violent: Assault",43.065858,-87.921628
666256,"190630037","3/2/2019 23:00",2019,3,"3940 W LISBON AV, Milwaukee, WI",NA,15,11,3,9600,156,53208,2544581.092,391227.918,0,0,1,0,0,0,0,0,0,0,TRUE,"Property: Burglary",43.0558068,-87.9632846
696692,"200310123","12/3/2019 16:30",2019,12,"4601 W HAMPTON AV, Milwaukee, WI",NA,7,2,7,2700,67,53218,2542027.866,409192.191,0,1,0,0,0,0,0,0,0,0,TRUE,"Violent: Assault",43.104554,-87.970449
669793,"191090122","4/19/2019 16:50",2019,4,"1112 W BURNHAM ST, Milwaukee, WI","HANDGUN",12,16,2,16800,238,53204,2554812.939,375063.749,0,1,0,0,0,0,0,0,0,0,TRUE,"Violent: Assault",43.0102623,-87.92617
669511,"191060021","4/16/2019 2:00",2019,4,"4909 N 39TH ST, Milwaukee, WI","PERSONAL WEAPON",1,2,7,2500,51,53209,2544350.307,409905.522,0,1,0,0,0,0,0,0,0,0,TRUE,"Violent: Assault",43.1069521,-87.9617829
679122,"192070124","7/25/2019 12:00",2019,7,"5234 S 21ST ST, Milwaukee, WI",NA,13,NA,6,21500,312,53221,2551404.856,353140.563,0,0,0,1,0,0,0,0,0,0,TRUE,"Property: Vandalism",42.9495282,-87.9401381
687070,"192890189","10/16/2019 22:14",2019,10,"9901 W HAMPTON AV, Milwaukee, WI","PERSONAL WEAPON",5,NA,4,501,36,53225,2525382.641,408902.058,0,1,0,0,0,0,0,0,0,0,TRUE,"Violent: Assault",43.1045327,-88.0361297
681334,"192290092","6/20/2019 3:00",2019,6,"3512 S CLEMENT AV, Milwaukee, WI","PERSONAL WEAPON",14,NA,6,20700,301,53207,2563422.844,364653.382,0,1,0,0,0,0,0,0,0,0,TRUE,"Violent: Assault",42.9806219,-87.8941758
668171,"190890016","3/30/2019 1:43",2019,3,"1681 N VAN BUREN ST, Milwaukee, WI","HANDGUN",3,NA,1,11300,183,53202,2560370.907,389931.233,0,1,0,0,0,0,0,0,0,0,TRUE,"Violent: Assault",43.0525783,-87.9038702
677851,"191950150","7/14/2019 19:30",2019,7,"1409 S 31ST ST, Milwaukee, WI","LETHAL CUTTING INSTRUMENT",8,15,2,16100,218,53215,2547537.719,377352.088,0,1,0,0,0,0,0,0,0,0,TRUE,"Violent: Assault",43.0166627,-87.9528954
691327,"193360167","12/2/2019 20:55",2019,12,"7893 N 60TH ST, Milwaukee, WI","NONE",9,NA,4,700,14,53223,2537616.584,428815.826,0,1,0,0,0,0,0,0,0,0,TRUE,"Violent: Assault",43.161435,-87.9853666
676943,"191861208","7/5/2019 18:30",2019,7,"1321 W ORCHARD ST, Milwaukee, WI","PERSONAL WEAPON",12,16,2,16400,231,53204,2554129.832,377185.261,0,1,0,0,0,0,0,0,0,0,TRUE,"Violent: Assault",43.0158585,-87.9287251
670432,"191170021","4/27/2019 2:22",2019,4,"6404 N 104TH ST, Milwaukee, WI","HANDGUN",2,19,4,302,32,53224,2522755.87,419402.291,0,0,0,0,0,0,1,0,0,0,TRUE,"Violent: Robbery",43.1341788,-88.0412934
673968,"191560046","6/5/2019 7:40",2019,6,"3040 N 28TH ST, Milwaukee, WI","PERSONAL WEAPON",7,4,5,6300,111,53210,2548105.593,397948.617,0,0,0,1,1,0,0,0,0,0,TRUE,"Violent: Homicide",43.0743426,-87.9483099
692237,"193450091","12/11/2019 12:15",2019,12,"2452 N 38TH ST, Milwaukee, WI",NA,15,5,3,9000,155,53210,2544861.06,393879.426,0,0,1,0,0,0,0,0,0,0,TRUE,"Property: Burglary",43.0636555,-87.9608111
671279,"191270053","5/7/2019 10:40",2019,5,"9434 W FOND DU LAC AV, Milwaukee, WI","NONE",2,19,4,502,32,53225,2525795.557,418808.149,0,1,0,0,0,0,0,0,0,0,TRUE,"Violent: Assault",43.1321539,-88.0294532
689052,"193110091","11/1/2019 8:00",2019,11,"3343 S 14TH ST, Milwaukee, WI",NA,14,NA,6,20300,289,53215,2553804.945,365757.053,0,0,1,0,0,0,0,0,0,0,TRUE,"Property: Burglary",42.9837627,-87.9304768
672756,"191430097","5/23/2019 17:15",2019,5,"5883 N 84TH ST, Milwaukee, WI","FIREARM",2,2,4,1500,30,53225,2529748.703,415669.342,0,1,0,0,0,0,0,0,0,0,TRUE,"Violent: Assault",43.1248816,-88.0161732
683948,"192550100","9/4/2019 12:00",2019,9,"2914 W ROOSEVELT DR, Milwaukee, WI",NA,1,4,5,4200,63,53216,2547703.616,405872.058,0,0,1,0,0,0,0,0,0,0,TRUE,"Property: Burglary",43.0954313,-87.9498806
682988,"192450151","9/2/2019 11:00",2019,9,"1355 N 32ND ST, Milwaukee, WI",NA,4,14,3,12200,200,53208,2546990.717,388402.42,0,0,1,0,0,0,0,0,0,0,TRUE,"Property: Burglary",43.048573,-87.9538879
673194,"191470163","5/24/2019 14:00",2019,5,"524 E LINUS ST, Milwaukee, WI",NA,14,NA,6,18000,241,53207,2560852.162,372167.464,0,0,0,1,0,0,0,0,0,0,TRUE,"Property: Vandalism",43.001981,-87.9025489
667717,"190830072","3/24/2019 13:40",2019,3,"2825 N 38TH ST, Milwaukee, WI","FIREARM,HANDGUN",15,5,7,6200,153,53210,2544824.55,396532.098,0,1,0,0,0,0,0,0,0,0,TRUE,"Violent: Assault",43.0703121,-87.9612852
670302,"191150089","4/25/2019 13:55",2019,4,"4557 S 23RD ST, Milwaukee, WI",NA,13,NA,6,21400,308,53221,2550397.212,356959.539,0,0,1,0,0,0,0,0,0,0,TRUE,"Property: Burglary",42.9609183,-87.9457732
691389,"193370080","12/3/2019 8:30",2019,12,"5047 N 57TH ST, Milwaukee, WI","FIREARM",7,NA,7,2900,46,53218,2538393.462,410438.927,0,1,0,0,0,0,0,0,0,0,TRUE,"Violent: Assault",43.1094177,-87.9840586
672225,"191380017","5/18/2019 2:15",2019,5,"811 W GRANGE AV, Milwaukee, WI",NA,13,NA,6,21700,316,53221,2557024.181,351295.154,0,1,0,0,0,0,0,0,0,0,TRUE,"Violent: Assault",42.9444049,-87.9225385
672031,"191360014","5/16/2019 2:25",2019,5,"2561 N 6TH ST, Milwaukee, WI",NA,6,6,5,185700,142,53212,2556233.625,394700.574,0,1,0,0,0,0,0,0,0,0,TRUE,"Violent: Assault",43.0653168,-87.9190205
679568,"192110110","7/30/2019 8:00",2019,7,"3415 N BREMEN ST, Milwaukee, WI",NA,3,NA,5,7200,125,53212,2560989.76,400588.76,0,0,1,0,0,0,0,0,0,0,TRUE,"Property: Burglary",43.0800983,-87.9003279
670807,"191210129","5/1/2019 17:55",2019,5,"1874 N 12TH ST, Milwaukee, WI","PERSONAL WEAPON",15,10,3,186000,174,53205,2554028.077,390998.725,0,1,0,0,0,0,0,0,0,0,TRUE,"Violent: Assault",43.0552227,-87.9265741
664540,"190380015","2/6/2019 22:15",2019,2,"1721 W CANAL ST, Milwaukee, WI",NA,8,NA,3,186800,227,53233,2552589.966,382765.162,0,0,1,0,0,0,0,0,0,0,TRUE,"Property: Burglary",43.0304678,-87.9352298
678296,"191990182","7/18/2019 20:30",2019,7,"4364 N 30TH ST, Milwaukee, WI","FIREARM",1,4,5,4200,63,53216,2547390.969,405866.057,0,1,0,1,0,0,0,0,0,0,TRUE,"Violent: Assault",43.0966754,-87.9502769
686000,"192770045","10/4/2019 8:30",2019,10,"1935 N 30TH ST, Milwaukee, WI","PERSONAL WEAPON",15,11,3,9700,150,53208,2547613.011,391210.876,0,1,0,0,0,0,0,0,0,0,TRUE,"Violent: Assault",43.0554859,-87.9511313
685101,"192670077","9/24/2019 11:55",2019,9,"1022 W MAPLE ST, Milwaukee, WI","PERSONAL WEAPON",12,16,2,16700,238,53204,2555191.167,375388.764,0,0,0,0,0,0,1,0,0,0,TRUE,"Violent: Robbery",43.0113061,-87.9249331
667302,"190780049","3/17/2019 23:10",2019,3,"780 N WATER ST, Milwaukee, WI","PERSONAL WEAPON",4,NA,1,14400,186,53202,2558918.542,385975.676,0,0,0,0,0,0,1,0,0,0,TRUE,"Violent: Robbery",43.0403412,-87.908933
669714,"191080136","4/18/2019 18:30",2019,4,"4229 W SPAULDING PL, Milwaukee, WI","PERSONAL WEAPON",15,11,3,9100,156,53208,2543623.313,392367.375,0,1,0,0,0,0,0,0,0,0,TRUE,"Violent: Assault",43.058208,-87.9667601
664314,"190350042","2/4/2019 7:00",2019,2,"2451 S 9TH ST, Milwaukee, WI",NA,14,17,2,17600,251,53215,2555736.273,371842.892,0,0,1,0,0,0,0,0,0,0,TRUE,"Property: Burglary",43.0001799,-87.9227363
663340,"190180167","1/18/2019 22:00",2019,1,"4617 N 38TH ST, Milwaukee, WI",NA,7,1,7,2600,64,53209,2544703.621,407845.504,0,1,0,0,0,0,0,0,0,0,TRUE,"Violent: Assault",43.1012135,-87.9606817
675537,"191720122","6/21/2019 7:10",2019,6,"4343 S 21ST ST, Milwaukee, WI",NA,13,NA,6,21400,307,53221,2551322.495,358781.32,0,0,0,1,0,0,0,0,0,0,TRUE,"Property: Vandalism",42.9655671,-87.9404129
673144,"191470086","5/27/2019 11:45",2019,5,"2643 S 13TH ST, Milwaukee, WI","PERSONAL WEAPON",12,17,2,18700,253,53215,2554131.108,370282.499,0,1,0,1,0,0,0,0,0,0,TRUE,"Violent: Assault",42.9964344,-87.928716
689786,"193200103","11/16/2019 9:00",2019,11,"5738 N 65TH ST, Milwaukee, WI","PERSONAL WEAPON",2,2,4,1300,25,53218,2536002.076,415110.409,0,1,0,0,0,0,0,0,0,0,TRUE,"Violent: Assault",43.1222001,-87.9920059
670609,"191190045","4/28/2019 2:00",2019,4,"3140 S GRIFFIN AV, Milwaukee, WI",NA,14,NA,6,20600,297,53207,2560775.204,367243.181,0,0,0,1,0,0,0,0,0,0,TRUE,"Property: Vandalism",42.9873246,-87.9038281
674928,"191660023","6/15/2019 2:20",2019,6,"2432 S 35TH ST, Milwaukee, WI",NA,8,NA,2,17200,259,53215,2546232.869,371419.748,0,0,0,1,0,0,0,0,0,0,TRUE,"Property: Vandalism",43.0005081,-87.95768
670337,"191150165","4/25/2019 22:20",2019,4,"5323 N 33RD ST, Milwaukee, WI","PERSONAL WEAPON",1,2,4,2100,53,53209,2546305.31,412616.85,0,1,0,0,0,0,0,0,0,0,TRUE,"Violent: Assault",43.1142977,-87.9542366
687095,"192900056","10/15/2019 18:00",2019,10,"3262 N 42ND ST, Milwaukee, WI","HANDGUN",7,5,7,4800,103,53216,2543534.123,399670.675,0,0,1,0,1,0,1,0,0,0,TRUE,"Violent: Homicide",43.0783914,-87.9652885
685184,"192680042","9/23/2019 16:30",2019,9,"5420 W STATE ST, Milwaukee, WI",NA,10,NA,3,12400,203,53208,2539690.557,387057.776,0,0,1,0,0,0,0,0,0,0,TRUE,"Property: Burglary",43.0443072,-87.9816696
677150,"191880158","7/5/2019 9:00",2019,7,"1234 W WALKER ST, Milwaukee, WI",NA,12,16,2,15700,233,53204,2554399.235,379431.016,0,0,1,0,0,0,0,0,0,0,TRUE,"Property: Burglary",43.022402,-87.927935
677883,"191960010","7/14/2019 23:40",2019,7,"3814 W SHERIDAN AV, Milwaukee, WI",NA,1,2,4,2000,52,53209,2544670.826,413923.435,0,0,1,0,0,0,0,0,0,0,TRUE,"Property: Burglary",43.1176591,-87.9604972
689161,"193120141","11/8/2019 20:30",2019,11,"5909 N 65TH ST, Milwaukee, WI","FIREARM",2,2,4,1300,25,53218,2535989.101,416425.772,0,1,0,0,0,0,0,0,0,0,TRUE,"Violent: Assault",43.1251637,-87.9925136
691134,"193340143","11/30/2019 23:15",2019,11,"4315 N 90TH ST, Milwaukee, WI",NA,5,NA,7,3400,79,53222,2527459.014,405366.139,0,0,0,1,0,0,0,0,0,0,TRUE,"Property: Vandalism",43.0955206,-88.0254322
668158,"190880166","3/29/2019 22:30",2019,3,"4051 N 73RD ST, Milwaukee, WI","PERSONAL WEAPON",2,NA,7,3500,74,53216,2533410.167,403827.714,0,1,0,0,0,0,0,0,0,0,TRUE,"Violent: Assault",43.0911466,-88.0032573
673853,"191550005","5/18/2019 2:00",2019,5,"626 E KILBOURN AV, Milwaukee, WI",NA,4,NA,1,14400,185,53202,2560183.266,387035.991,0,0,0,1,0,0,0,0,1,0,TRUE,"Property: Vandalism",43.0432781,-87.9038898
666464,"190660056","3/7/2019 12:00",2019,3,"6425 N 54TH ST, Milwaukee, WI","UNKNOWN,BLUNT OBJECT",9,NA,4,800,16,53223,2539277.837,419811.193,0,1,0,0,0,0,0,0,0,0,TRUE,"Violent: Assault",43.1346097,-87.9799503
669388,"191040069","4/14/2019 11:15",2019,4,"5724 N 41ST ST, Milwaukee, WI","PERSONAL WEAPON,OTHER",1,NA,4,1000,22,53209,2543703.16,415368.144,0,1,0,0,0,0,0,0,0,0,TRUE,"Violent: Assault",43.1220902,-87.9631922
681771,"192330076","8/20/2019 19:30",2019,8,"3533 N 76TH ST, Milwaukee, WI",NA,5,NA,7,5200,89,53222,2532332.126,400934.346,0,0,0,1,0,0,0,0,0,0,TRUE,"Property: Vandalism",43.0833992,-88.0077399
663422,"190200066","1/20/2019 9:42",2019,1,"8100 W SCRANTON PL, Milwaukee, WI","ASPHYXIATION",2,NA,4,1600,40,53218,2531256.253,412303.646,0,1,0,0,0,0,0,0,0,0,TRUE,"Violent: Assault",43.1150495,-88.0114711
663497,"190210087","1/21/2019 15:30",2019,1,"5629 W KEEFE AV, Milwaukee, WI","PERSONAL WEAPON",10,5,7,5000,96,53216,2538745.305,401090.886,0,1,0,0,0,0,0,0,0,0,TRUE,"Violent: Assault",43.0823988,-87.9842243
666741,"190700142","3/11/2019 20:10",2019,3,"3306 W MC KINLEY BL, Milwaukee, WI","NONE",4,14,3,12200,200,53208,2546543.09,388391.225,0,1,0,0,0,0,0,0,0,0,TRUE,"Violent: Assault",43.047586005669,-87.955659976208
670567,"191180117","4/28/2019 19:10",2019,4,"5675 N 42ND ST, Milwaukee, WI","PERSONAL WEAPON",1,2,4,1100,22,53209,2543391.332,414875.192,0,0,0,0,0,0,1,0,0,0,TRUE,"Violent: Robbery",43.1209463,-87.9649398
663668,"190240017","1/24/2019 2:30",2019,1,"3834 S MINER ST, Milwaukee, WI","PERSONAL WEAPON",13,NA,6,20000,282,53221,2547479.897,362282.113,0,1,0,0,0,0,0,0,0,0,TRUE,"Violent: Assault",42.9755618,-87.9536992
685719,"192730186","9/30/2019 21:50",2019,9,"1320 S 23RD ST, Milwaukee, WI","PERSONAL WEAPON",8,15,2,16300,225,53204,2550281.184,378209.04,0,1,0,0,0,0,0,0,0,0,TRUE,"Violent: Assault",43.0176227,-87.941961
672220,"191380008","5/18/2019 0:01",2019,5,"2649 N 16TH ST, Milwaukee, WI",NA,15,10,3,8600,147,53206,2552444.875,395323.445,0,1,0,0,0,0,0,0,0,0,TRUE,"Violent: Assault",43.0670032,-87.9328419
677604,"191930064","7/12/2019 8:30",2019,7,"1728 W CENTER ST, Milwaukee, WI","BLUNT OBJECT",15,10,5,8600,147,53206,2551778.095,395990.113,0,1,0,0,0,0,0,0,0,0,TRUE,"Violent: Assault",43.0679673,-87.9353775
693620,"193600143","12/26/2019 18:55",2019,12,"625 W VIENNA AV, Milwaukee, WI",NA,6,6,5,4500,118,53212,2556019.722,402572.734,0,1,0,1,0,0,0,0,0,0,TRUE,"Violent: Assault",43.0853419,-87.9193536
676845,"191850171","7/4/2019 20:20",2019,7,"2625 W JUNEAU AV, Milwaukee, WI",NA,4,12,3,13700,193,53233,2548960.796,387938.07,0,1,0,0,0,0,0,0,0,0,TRUE,"Violent: Assault",43.0457911,-87.9466304
679241,"192090006","7/27/2019 23:10",2019,7,"4455 N 89TH ST, Milwaukee, WI","OTHER",5,NA,7,3300,78,53225,2527833.552,406410.192,0,1,0,0,0,0,0,0,0,0,TRUE,"Violent: Assault",43.0983165,-88.0239649
668339,"190910072","3/30/2019 17:20",2019,3,"450 N 5TH ST, Milwaukee, WI",NA,4,NA,1,186300,187,53203,2556744.303,384048.495,0,0,0,1,0,0,0,0,0,0,TRUE,"Property: Vandalism",43.0357738,-87.9166297
682528,"192400147","8/28/2019 5:00",2019,8,"2916 N DOUSMAN ST, Milwaukee, WI","PERSONAL WEAPON",3,NA,5,7200,126,53212,2562014.683,397477.04,0,1,0,0,0,0,0,0,0,0,TRUE,"Violent: Assault",43.0717449,-87.8962301
678545,"192020092","7/21/2019 2:00",2019,7,"9231 N 75TH ST, Milwaukee, WI","LETHAL CUTTING INSTRUMENT",9,NA,4,101,4,53223,2532631.654,438041.317,0,1,0,0,0,0,0,0,0,0,TRUE,"Violent: Assault",43.1869129,-88.0036957
688702,"193070111","11/3/2019 14:20",2019,11,"3069 N 6TH ST, Milwaukee, WI","HANDGUN",6,6,5,6700,121,53212,2556179.039,398026.261,0,1,0,0,0,0,0,0,0,0,TRUE,"Violent: Assault",43.0745644,-87.9185622
679995,"192160037","8/4/2019 3:30",2019,8,"1933 N 36TH ST, Milwaukee, WI","PERSONAL WEAPON",15,11,3,9600,155,53208,2545545.479,391104.69,0,1,0,0,0,0,0,0,0,0,TRUE,"Violent: Assault",43.0555267,-87.9590762
670063,"191130004","4/22/2019 23:52",2019,4,"4626 N 52ND ST, Milwaukee, WI","OTHER",7,NA,7,3100,68,53218,2540008.997,407776.734,0,1,0,0,0,0,0,0,0,0,TRUE,"Violent: Assault",43.1013532,-87.9777011
669436,"191050036","4/14/2019 13:00",2019,4,"527 W GREENFIELD AV, Milwaukee, WI",NA,12,16,2,16500,240,53204,2557085.499,377631.569,0,0,1,0,0,0,0,0,0,0,TRUE,"Property: Burglary",43.0168686,-87.9177572
673849,"191540177","6/3/2019 21:50",2019,6,"5159 N 91ST ST, Milwaukee, WI","LETHAL CUTTING INSTRUMENT",5,NA,4,501,36,53225,2527131.325,410278.947,0,1,0,0,0,0,0,0,0,0,TRUE,"Violent: Assault",43.1115608,-88.0265158
676575,"191830027","7/2/2019 3:22",2019,7,"170 S 1ST ST, Milwaukee, WI",NA,12,NA,1,187400,235,53204,2558541.388,382313.373,0,0,1,0,0,0,0,0,0,0,TRUE,"Property: Burglary",43.0297097,-87.9105752
681657,"192320088","8/20/2019 11:00",2019,8,"1425 S 30TH ST, Milwaukee, WI","HANDGUN",8,15,2,16200,221,53215,2547831.09,377361.732,0,1,0,0,0,0,1,0,0,0,TRUE,"Violent: Assault",43.0164003,-87.9517273
662010,"190030020","1/3/2019 3:50",2019,1,"2148 S 34TH ST, Milwaukee, WI",NA,8,NA,2,17200,218,53215,2546536.841,373582.261,0,1,0,0,0,0,0,0,0,0,TRUE,"Violent: Assault",43.0055786,-87.9564112
671884,"191340058","5/10/2019 8:15",2019,5,"5824 N 37TH ST, Milwaukee, WI",NA,1,NA,4,1000,20,53209,2544984.777,415387.58,0,0,1,0,0,0,0,0,0,0,TRUE,"Property: Burglary",43.1234983,-87.9583409
680038,"192160113","8/2/2019 15:00",2019,8,"4729 N 68TH ST, Milwaukee, WI",NA,2,NA,7,3200,72,53218,2534959.04,408398.317,0,0,1,0,0,0,0,0,0,0,TRUE,"Property: Burglary",43.1036315,-87.9971502
692008,"193430073","12/7/2019 20:00",2019,12,"4975 N 72ND ST, Milwaukee, WI",NA,2,NA,7,3000,42,53218,2533543.873,409764.432,0,0,1,0,0,0,0,0,0,0,TRUE,"Property: Burglary",43.1084001,-88.0022568
686364,"192810125","10/8/2019 10:40",2019,10,"6506 W WARNIMONT AV, Milwaukee, WI","NONE",11,NA,6,19800,277,53220,2537192.064,363209.179,0,1,0,0,0,0,0,0,0,0,TRUE,"Violent: Assault",42.9790887,-87.9952331
669869,"191100103","4/20/2019 17:41",2019,4,"2509 N 44TH ST, Milwaukee, WI",NA,15,5,3,6100,159,53210,2542774.323,394491.356,0,1,0,1,0,0,0,0,0,0,TRUE,"Violent: Assault",43.0645324,-87.9691162
675688,"191740075","6/22/2019 15:29",2019,6,"7222 N TEUTONIA AV, Milwaukee, WI","PERSONAL WEAPON",1,NA,4,900,18,53209,2545282.253,425271.126,0,1,0,1,0,0,0,0,0,0,TRUE,"Violent: Assault",43.1489563,-87.9559576
687979,"192990120","10/26/2019 14:00",2019,10,"600 W CENTER ST, Milwaukee, WI","LETHAL CUTTING INSTRUMENT",6,6,5,185700,142,53212,2556210.816,396034.961,0,1,0,0,0,0,0,0,0,0,TRUE,"Violent: Assault",43.067672,-87.918585
670545,"191180072","4/28/2019 11:59",2019,4,"4801 W HAMPTON AV, Milwaukee, WI","HANDGUN,PERSONAL WEAPON",7,2,7,2700,68,53218,2541249.762,409176.639,0,1,0,0,0,0,0,0,0,0,TRUE,"Violent: Assault",43.1043746,-87.9735118
667077,"190750100","3/16/2019 14:30",2019,3,"305 N 95TH ST, Milwaukee, WI","PERSONAL WEAPON",10,NA,3,12800,211,53226,2526533.082,382730.59,0,0,0,0,0,0,1,0,0,0,TRUE,"Violent: Robbery",43.0319547,-88.0324346
681104,"192270023","8/14/2019 22:30",2019,8,"2918 W ORIOLE DR, Milwaukee, WI",NA,1,NA,4,1000,20,53209,2547642.029,416292.345,0,0,0,1,0,0,0,0,0,0,TRUE,"Property: Vandalism",43.1239765,-87.9492552
689156,"193120135","11/8/2019 18:45",2019,11,"2739 N 2ND ST, Milwaukee, WI","NONE",6,6,5,185700,141,53212,2557774.452,396058.464,0,1,0,0,0,0,0,0,0,0,TRUE,"Violent: Assault",43.0684612,-87.9128379
694029,"193650087","12/31/2019 13:38",2019,12,"4163 N 70TH ST, Milwaukee, WI",NA,2,NA,7,3500,74,53216,2534353.735,404340.012,0,1,0,0,0,0,0,0,0,0,TRUE,"Violent: Assault",43.0932563,-87.9997437
679232,"192080154","7/27/2019 13:00",2019,7,"1575 W WASHINGTON ST, Milwaukee, WI","FIREARM",12,16,2,15700,228,53204,2553081.679,378655.402,0,1,0,0,0,0,0,0,0,0,TRUE,"Violent: Assault",43.0198141,-87.9326406
665388,"190500130","2/19/2019 19:00",2019,2,"3012 S 56TH ST, Milwaukee, WI","NONE",11,NA,6,19200,264,53219,2539356.843,368035.353,0,1,0,0,0,0,0,0,0,0,TRUE,"Violent: Assault",42.9899985,-87.983764
676186,"191790042","6/27/2019 22:30",2019,6,"1552 S 7TH ST, Milwaukee, WI",NA,12,16,2,16500,237,53204,2556327.181,377219.816,0,0,1,0,0,0,0,0,0,0,TRUE,"Property: Burglary",43.0148557,-87.9195301
680464,"192200131","8/8/2019 19:27",2019,8,"6030 N 40TH ST, Milwaukee, WI",NA,1,2,4,1100,21,53209,2544005.544,417244.636,0,0,1,0,0,0,0,0,0,0,TRUE,"Property: Burglary",43.1273814,-87.9621547
663996,"190300024","1/30/2019 3:13",2019,1,"1631 W GRANT ST, Milwaukee, WI",NA,12,17,2,17400,257,53215,2552804.704,373032.108,0,0,1,0,0,0,0,0,0,0,TRUE,"Property: Burglary",43.0045859,-87.9342579
673919,"191550132","6/2/2019 11:00",2019,6,"2612 N 48TH ST, Milwaukee, WI",NA,15,5,3,6000,159,53210,2541448.153,395130.711,0,0,0,1,0,0,0,0,0,0,TRUE,"Property: Vandalism",43.0664252,-87.9734481
669694,"191080093","4/18/2019 14:30",2019,4,"5481 N 69TH ST, Milwaukee, WI","NONE",2,2,4,1800,41,53218,2534699.388,413362.334,0,0,0,0,0,0,1,0,0,0,TRUE,"Violent: Robbery",43.1169991,-87.9975905
677215,"191890089","7/7/2019 10:50",2019,7,"400 N WATER ST, Milwaukee, WI",NA,4,NA,1,187400,186,53202,2559090.755,384209.066,0,0,1,0,0,0,0,0,0,0,TRUE,"Property: Burglary",43.0351523,-87.9081652
688479,"193040076","10/31/2019 14:10",2019,10,"433 W ST PAUL AV, Milwaukee, WI","PERSONAL WEAPON",4,NA,1,187400,187,53203,2557143.214,384053.117,0,1,0,0,0,0,0,0,0,0,TRUE,"Violent: Assault",43.0340616,-87.9173329
677661,"191940020","7/13/2019 1:05",2019,7,"2756 N 49TH ST, Milwaukee, WI","PERSONAL WEAPON,ASPHYXIATION",7,5,7,6000,160,53210,2541108.824,395797.056,0,1,0,0,0,0,0,0,0,0,TRUE,"Violent: Assault",43.0692284,-87.9746129
690151,"193240043","11/19/2019 18:30",2019,11,"2222 N 19TH ST, Milwaukee, WI",NA,15,10,3,185400,148,53205,2551390.46,392778.111,0,0,0,1,0,0,0,0,0,0,TRUE,"Property: Vandalism",43.0592389,-87.9362648
686067,"192780039","10/5/2019 5:45",2019,10,"744 N 26TH ST, Milwaukee, WI","FIREARM",4,14,3,13700,195,53233,2549024.543,385324.552,0,0,0,0,0,0,1,0,0,0,TRUE,"Violent: Robbery",43.0397191,-87.946178
663902,"190270116","1/27/2019 20:45",2019,1,"2422 N 5TH ST, Milwaukee, WI",NA,6,6,5,185600,142,53212,2556622.838,394057.426,0,0,1,0,0,0,0,0,0,0,TRUE,"Property: Burglary",43.0628438,-87.9167857
678046,"191970098","7/16/2019 6:25",2019,7,"4353 N 21ST ST, Milwaukee, WI",NA,1,4,5,4300,60,53209,2550696.81,405601.331,0,0,1,0,0,0,0,0,0,0,TRUE,"Property: Burglary",43.0963877,-87.9385081
689944,"193220068","11/18/2019 11:30",2019,11,"6617 W KEEFE AVE PK, Milwaukee, WI","FIREARM",10,NA,7,5100,94,53216,2536374.852,401044.605,0,1,0,0,0,0,0,0,0,0,TRUE,"Violent: Assault",43.0823294,-87.995169
669984,"191120020","4/22/2019 2:49",2019,4,"1800 W KEEFE AV, Milwaukee, WI",NA,6,4,5,4600,113,53206,2552073.484,401110.498,0,0,0,1,0,0,0,0,0,0,TRUE,"Property: Vandalism",43.081877,-87.933591
675123,"191680055","6/16/2019 13:00",2019,6,"2340 W LINWAL LA, Milwaukee, WI","HANDGUN",1,3,7,2300,57,53209,2550265.02,409785.319,0,1,0,0,0,0,0,0,0,0,TRUE,"Violent: Assault",43.1059837,-87.9408694
677529,"191920120","7/11/2019 16:00",2019,7,"835 N 23RD ST, Milwaukee, WI","LETHAL CUTTING INSTRUMENT",4,14,3,14800,194,53233,2550270.881,385921.569,0,1,0,0,0,0,0,0,0,0,TRUE,"Violent: Assault",43.0410494,-87.9418804
681818,"192330159","8/21/2019 17:40",2019,8,"2400 N 22ND ST, Milwaukee, WI","FIREARM",15,9,3,185400,149,53206,2550475.608,393979.625,0,1,0,0,0,0,0,0,0,0,TRUE,"Violent: Assault",43.0624747,-87.9398095
665303,"190490083","2/18/2019 16:50",2019,2,"5238 N 49TH ST, Milwaukee, WI","BLUNT OBJECT",1,2,4,2000,49,53218,2541013.221,411846.731,0,1,0,0,0,0,0,0,0,0,TRUE,"Violent: Assault",43.1129181,-87.9735603
689960,"193220100","11/18/2019 4:00",2019,11,"4933 N 38TH ST, Milwaukee, WI","PERSONAL WEAPON",1,2,7,2500,51,53209,2544688.146,409911.865,0,1,0,0,0,0,0,0,0,0,TRUE,"Violent: Assault",43.1072066,-87.9604832
685968,"192760150","10/3/2019 15:00",2019,10,"8015 W BECKETT AV, Milwaukee, WI",NA,5,NA,7,3300,77,53218,2530947.623,407808.7,0,0,0,1,0,0,0,0,1,0,TRUE,"Property: Vandalism",43.101715,-88.0123527
692680,"193500071","12/9/2019 23:44",2019,12,"2920 W HIGHLAND BL, Milwaukee, WI",NA,4,14,3,13600,199,53208,2547826.138,387423.124,0,0,1,0,0,0,0,0,0,0,TRUE,"Property: Burglary",43.045019005912,-87.951285963855
677243,"191890138","7/8/2019 16:00",2019,7,"1110 S 20TH ST, Milwaukee, WI","PERSONAL WEAPON",12,15,2,15800,228,53204,2551382.338,378630.207,0,1,0,0,0,0,0,0,0,0,TRUE,"Violent: Assault",43.0198564,-87.9378515
671733,"191320115","5/12/2019 18:40",2019,5,"5600 W THURSTON AV, Milwaukee, WI",NA,9,2,4,1200,23,53218,2538613.671,414927.612,0,1,0,0,0,0,0,0,0,0,TRUE,"Violent: Assault",43.1205975,-87.9831413
662262,"190060075","1/6/2019 13:40",2019,1,"8556 W APPLETON AV, Milwaukee, WI","OTHER",2,NA,7,1700,38,53225,2529368.886,409457.817,0,1,0,1,0,0,0,0,0,0,TRUE,"Violent: Assault",43.1073351,-88.0184673
665210,"190480054","2/17/2019 6:50",2019,2,"823 N 24TH ST, Milwaukee, WI","HANDGUN",4,14,3,13700,195,53233,2549921.381,385914.078,0,1,0,0,0,0,0,0,0,0,TRUE,"Violent: Assault",43.0408814,-87.9432627
664492,"190370064","2/6/2019 11:00",2019,2,"5356 N LONG ISLAND DR, Milwaukee, WI","PERSONAL WEAPON",1,3,4,2200,55,53209,2550948.873,412841.837,0,1,0,0,0,0,1,0,0,0,TRUE,"Violent: Assault",43.114795,-87.9367323
684242,"192580127","9/15/2019 18:45",2019,9,"2020 S 12TH ST, Milwaukee, WI","PERSONAL WEAPON,ASPHYXIATION",12,16,2,16800,238,53204,2554438.742,374373.976,0,1,0,0,0,0,0,0,0,0,TRUE,"Violent: Assault",43.007764,-87.9268459
684634,"192620158","9/19/2019 22:25",2019,9,"5920 W NORTH AV, Milwaukee, WI",NA,10,5,3,9300,166,53208,2538108.684,393079.698,0,0,0,1,0,0,0,0,0,0,TRUE,"Property: Vandalism",43.0607845,-87.9867385
663867,"190270056","1/27/2019 12:10",2019,1,"332 E CONCORDIA AV, Milwaukee, WI",NA,6,6,5,6900,123,53212,2559004.773,400056.329,0,1,0,0,0,0,0,0,0,0,TRUE,"Violent: Assault",43.0785043,-87.9071176
680191,"192180011","8/6/2019 1:00",2019,8,"4221 S 6TH ST, Milwaukee, WI","OTHER",13,NA,6,21200,305,53221,2556861.861,359892.771,0,1,0,0,0,0,0,0,0,0,TRUE,"Violent: Assault",42.9679038,-87.9222511
668401,"190920060","4/2/2019 10:45",2019,4,"7829 W BECKETT AV, Milwaukee, WI","ASPHYXIATION",5,NA,7,3300,77,53218,2531498.583,406917.274,0,1,0,0,0,0,0,0,0,0,TRUE,"Violent: Assault",43.0996279,-88.0106444
689164,"193120146","10/24/2019 17:30",2019,10,"2930 W GRANT ST, Milwaukee, WI","PERSONAL WEAPON",8,17,2,17300,221,53215,2548201.437,372987.273,0,1,0,0,0,0,0,0,0,0,TRUE,"Violent: Assault",43.0049913,-87.9509453
679351,"192100017","7/29/2019 1:51",2019,7,"2518 N FRATNEY ST, Milwaukee, WI","PERSONAL WEAPON",3,7,5,8000,138,53212,2560733.068,394778.824,0,1,0,0,0,0,0,0,0,0,TRUE,"Violent: Assault",43.0643088,-87.9013721
685512,"192710135","9/28/2019 20:45",2019,9,"4614 W EUCLID AV, Milwaukee, WI","PERSONAL WEAPON",11,NA,6,19100,280,53219,2542632.217,366168.924,0,1,0,0,0,0,0,0,0,0,TRUE,"Violent: Assault",42.9867991,-87.9721928
682765,"192430079","8/30/2019 17:00",2019,8,"3075 N 22ND ST, Milwaukee, WI","PERSONAL WEAPON",7,4,5,6400,111,53206,2550425.683,397971.995,0,1,0,0,0,0,0,0,0,0,TRUE,"Violent: Assault",43.0749089,-87.9401076
680873,"192240163","8/12/2019 13:00",2019,8,"10860 W DONNA DR, Milwaukee, WI",NA,9,18,4,201,1,53224,2521698.735,432957.75,0,0,0,1,0,0,0,0,0,0,TRUE,"Property: Vandalism",43.1721645,-88.0454618
676306,"191800084","6/29/2019 10:54",2019,6,"9026 W BROWN DEER RD, Milwaukee, WI",NA,9,NA,4,101,3,53224,2529244.748,435557.164,0,0,0,1,0,0,0,0,0,0,TRUE,"Property: Vandalism",43.1783028,-88.0238122
673035,"191460090","5/25/2019 16:30",2019,5,"2164 N SHERMAN BL, Milwaukee, WI",NA,15,11,3,9100,156,53208,2543160.648,392363.913,0,0,1,0,0,0,0,0,0,0,TRUE,"Property: Burglary",43.058686998234,-87.967198001206
671509,"191300018","5/10/2019 2:00",2019,5,"2360 S 12TH ST, Milwaukee, WI","PERSONAL WEAPON",12,17,2,17500,255,53215,2554427.223,372389.475,0,1,0,0,0,0,0,0,0,0,TRUE,"Violent: Assault",43.0015497,-87.9270267
691044,"193330139","11/29/2019 20:15",2019,11,"630 W VLIET ST, Milwaukee, WI","HANDGUN",6,13,5,14100,176,53212,2556100.243,389070.608,0,1,0,0,0,0,0,0,0,0,TRUE,"Violent: Assault",43.048677,-87.9197662
722325,"203010063","10/27/2020 9:55",2020,10,"2507 S GRAHAM ST, Milwaukee, WI",NA,14,NA,6,17900,248,53207,2560796.082,371052.359,0,0,1,0,0,0,0,0,0,0,TRUE,"Property: Burglary",42.9985182,-87.9038278
724683,"203240031","11/19/2020 4:15",2020,11,"1200 W RESERVOIR AV, Milwaukee, WI","HANDGUN",15,10,3,185900,174,53205,2554022.68,391650.355,0,0,0,0,0,0,1,0,0,0,TRUE,"Violent: Robbery",43.055796,-87.927178
714924,"202320003","8/18/2020 23:20",2020,8,"7001 W GRANTOSA DR, Milwaukee, WI","PERSONAL WEAPON",2,2,4,1800,41,53218,2534588.799,412816.561,0,1,0,0,0,0,0,0,0,0,TRUE,"Violent: Assault",43.1143087,-87.9985607
699263,"200630027","3/2/2020 7:30",2020,3,"822 N 25TH ST, Milwaukee, WI","NONE",4,14,3,13700,195,53233,2549371.777,385902.298,0,1,0,0,0,0,0,0,0,0,TRUE,"Violent: Assault",43.0408822,-87.9445354
698263,"200500158","2/15/2020 20:10",2020,2,"3834 N 6TH ST, Milwaukee, WI",NA,6,6,5,4500,118,53212,2556019.722,402572.734,0,0,0,1,0,0,0,0,0,0,TRUE,"Property: Vandalism",43.0864785,-87.9182275
723562,"203120175","11/7/2020 23:00",2020,11,"3708 W NORTH AV, Milwaukee, WI","HANDGUN",15,8,3,9000,155,53208,2545187.439,393222.028,0,0,0,0,0,0,1,0,0,0,TRUE,"Violent: Robbery",43.0609964,-87.9602392
718400,"202640132","9/10/2020 14:30",2020,9,"2400 W HADLEY ST, Milwaukee, WI","HANDGUN",15,9,5,8800,147,53206,2549779.459,396638.526,0,1,0,0,0,0,0,0,0,0,TRUE,"Violent: Assault",43.0698656,-87.9426548
719961,"202780159","10/2/2020 0:00",2020,10,"10020 W FOUNTAIN AV, Milwaukee, WI",NA,9,NA,4,202,6,53224,2523685.67,428258.937,0,0,0,1,0,0,0,0,0,0,TRUE,"Property: Vandalism",43.1590823,-88.0371317
695987,"200230012","1/23/2020 2:53",2020,1,"2743 W HIGHLAND BL, Milwaukee, WI","HANDGUN",4,14,3,13600,195,53208,2548574.205,387439.533,0,0,0,0,0,0,1,0,0,0,TRUE,"Violent: Robbery",43.044095990734,-87.949010025686
720818,"202860062","10/12/2020 9:00",2020,10,"3438 N 37TH ST, Milwaukee, WI","FIREARM",7,5,7,4800,102,53216,2545085.454,400693.729,0,1,0,0,0,0,0,0,0,0,TRUE,"Violent: Assault",43.0820046,-87.9593174
707727,"201660066","6/14/2020 12:00",2020,6,"3543 S 99TH ST, Milwaukee, WI","PERSONAL WEAPON",11,NA,6,19500,272,53228,2525546.691,363702.843,0,1,0,0,0,0,0,0,0,0,TRUE,"Violent: Assault",42.979992,-88.0363975
714749,"202300103","8/17/2020 13:30",2020,8,"7280 N 87TH ST, Milwaukee, WI","PERSONAL WEAPON",9,NA,4,102,9,53224,2528316.899,425349.615,0,1,0,0,0,0,0,0,0,0,TRUE,"Violent: Assault",43.1504116,-88.0197145
694083,"200010083","1/1/2020 7:20",2020,1,"4403 N 66TH ST, Milwaukee, WI","OTHER",2,NA,7,3100,72,53218,2535640.803,406349.614,0,1,0,0,0,0,0,0,0,0,TRUE,"Violent: Assault",43.0974332,-87.9947349
715024,"202320179","8/19/2020 21:45",2020,8,"2339 N RICHARDS ST, Milwaukee, WI","PERSONAL WEAPON",6,6,5,10600,139,53212,2559104.515,393430.702,0,1,0,0,0,0,0,0,0,0,TRUE,"Violent: Assault",43.0611717,-87.9080893
707536,"201640022","6/12/2020 1:45",2020,6,"1534 S 12TH ST, Milwaukee, WI",NA,12,16,2,16400,237,53204,2554442.172,377193.442,0,1,0,0,0,0,0,0,0,0,TRUE,"Violent: Assault",43.0152332,-87.9264982
695970,"200220151","1/22/2020 18:57",2020,1,"401 E CAPITOL DR, Milwaukee, WI","OTHER",6,7,5,4400,124,53212,2558987.437,404004.853,0,1,0,0,0,0,0,0,0,0,TRUE,"Violent: Assault",43.0876381,-87.905947
696980,"200340191","2/3/2020 22:15",2020,2,"8018 W VILLARD AV, Milwaukee, WI","NONE",2,NA,4,1600,40,53218,2532013.434,411736.184,0,1,0,0,0,0,0,0,0,0,TRUE,"Violent: Assault",43.1125056,-88.0112072
705238,"201390086","5/18/2020 1:55",2020,5,"5860 N TEUTONIA AV, Milwaukee, WI","FIREARM",1,NA,4,1000,20,53209,2546903.485,416283.623,0,1,0,0,0,0,0,0,0,0,TRUE,"Violent: Assault",43.1240765,-87.951083
701554,"200900070","3/29/2020 12:49",2020,3,"1785 N WATER ST, Milwaukee, WI",NA,3,NA,1,11200,178,53202,2560383.372,391100.697,0,0,1,0,0,0,0,0,0,0,TRUE,"Property: Burglary",43.0543634,-87.9026112
719291,"202720067","9/28/2020 11:40",2020,9,"3476 N HOLTON ST, Milwaukee, WI","FIREARM",6,NA,5,7200,123,53212,2559666.877,400725.071,0,0,0,0,0,0,1,0,0,0,TRUE,"Violent: Robbery",43.081801,-87.9043881
711313,"202010029","7/18/2020 23:00",2020,7,"4610 W FOND DU LAC AV, Milwaukee, WI",NA,7,5,7,3800,100,53216,2541919.673,402386.444,0,0,0,1,0,1,0,0,0,0,TRUE,"Property: Vandalism",43.0864958,-87.9713608
708617,"201750036","6/23/2020 0:00",2020,6,"2224 S 17TH ST, Milwaukee, WI",NA,12,17,2,17400,257,53215,2552499.355,373031.323,0,0,1,0,0,0,0,0,0,0,TRUE,"Property: Burglary",43.0041516,-87.9342106
715230,"202340167","8/21/2020 19:20",2020,8,"5118 N 84TH ST, Milwaukee, WI","NONE",2,NA,7,1700,38,53225,2529789.965,411028.987,0,1,0,0,0,0,0,0,0,0,TRUE,"Violent: Assault",43.1109091,-88.0155922
715944,"202410027","8/27/2020 23:00",2020,8,"4867 N 36TH ST, Milwaukee, WI",NA,1,2,7,2500,51,53209,2545323.623,409265.158,0,0,1,0,0,0,0,0,0,0,TRUE,"Property: Burglary",43.1060823,-87.9580388
727276,"203460050","12/11/2020 9:30",2020,12,"2402 W BROWN ST, Milwaukee, WI","PERSONAL WEAPON",15,12,3,9900,149,53205,2549826.329,391764.164,0,1,0,1,0,0,0,0,0,0,TRUE,"Violent: Assault",43.0563996,-87.9428602
729200,"203630002","12/27/2020 23:55",2020,12,"2965 S 15TH ST, Milwaukee, WI","HANDGUN",13,NA,6,20400,285,53215,2553422.464,368398.905,0,0,0,0,0,0,1,0,0,0,TRUE,"Violent: Robbery",42.9905578,-87.9317385
725923,"203350065","11/30/2020 9:07",2020,11,"333 W KILBOURN AV, Milwaukee, WI","PERSONAL WEAPON",4,NA,1,186300,188,53203,2557496.336,386547.086,0,1,0,0,0,0,0,0,0,0,TRUE,"Violent: Assault",43.0409023,-87.9150235
698259,"200500152","2/17/2020 12:00",2020,2,"6620 S 17TH ST, Milwaukee, WI",NA,13,NA,6,21700,315,53221,2552586.539,344146.274,0,0,1,0,0,0,0,0,0,0,TRUE,"Property: Burglary",42.924993,-87.9364844
699681,"200680046","3/8/2020 6:00",2020,3,"8737 W MONROVIA AV, Milwaukee, WI","LETHAL CUTTING INSTRUMENT",2,2,4,1400,30,53225,2528739.334,418770.239,0,1,0,0,0,0,0,0,0,0,TRUE,"Violent: Assault",43.1312021,-88.0214179
723369,"203110018","11/6/2020 0:50",2020,11,"1427 N 49TH ST, Milwaukee, WI","PERSONAL WEAPON,ASPHYXIATION",10,NA,3,9500,203,53208,2541331.575,388836.697,0,1,0,0,0,0,0,0,0,0,TRUE,"Violent: Assault",43.0495136,-87.9750041
722707,"203050006","10/31/2020 0:35",2020,10,"2630 W JUNEAU AV, Milwaukee, WI",NA,4,12,3,186100,193,53233,2548960.796,387938.07,1,0,0,0,0,0,0,0,0,0,TRUE,"Property: Arson",43.0462522,-87.9472831
725688,"203330049","11/28/2020 3:54",2020,11,"7002 W CENTER ST, Milwaukee, WI",NA,10,NA,7,5800,93,53210,2534508.315,395669.624,0,0,1,0,0,0,0,0,0,0,TRUE,"Property: Burglary",43.0683503,-88.0000712
695755,"200200091","1/20/2020 14:00",2020,1,"9030 W BENDER AV, Milwaukee, WI",NA,2,2,4,1400,29,53225,2527418.548,418880.262,0,1,0,0,0,0,0,0,0,0,TRUE,"Violent: Assault",43.1323332,-88.0251005
721879,"202960140","10/22/2020 21:30",2020,10,"8739 W MILL RD, Milwaukee, WI","PERSONAL WEAPON",2,NA,4,1400,29,53225,2528621.473,419607.833,0,1,0,0,0,0,0,0,1,0,TRUE,"Violent: Assault",43.1336868,-88.0215936
710435,"201930053","7/11/2020 5:45",2020,7,"3700 N PORT WASHINGTON AV, Milwaukee, WI","OTHER",6,6,5,4400,119,53212,2556351.128,401329.593,0,1,0,0,0,0,0,0,0,0,TRUE,"Violent: Assault",43.0840544,-87.9170804
696620,"200300131","1/30/2020 20:50",2020,1,"4940 N 68TH ST, Milwaukee, WI",NA,2,NA,7,3000,42,53218,2535092.195,409948.016,0,0,0,1,0,0,0,0,0,0,TRUE,"Property: Vandalism",43.1080918,-87.9958454
696750,"200320069","2/1/2020 12:35",2020,2,"2606 N HOLTON ST, Milwaukee, WI",NA,6,7,5,8000,139,53212,2559726.985,395421.944,0,0,1,0,0,0,0,0,0,0,TRUE,"Property: Burglary",43.0659347,-87.9051083
712715,"202120067","7/30/2020 10:48",2020,7,"4408 N 30TH ST, Milwaukee, WI","RIFLE,HANDGUN",1,4,5,4200,63,53209,2547383.746,406597.018,0,1,0,0,0,0,0,0,0,0,TRUE,"Violent: Assault",43.0974283,-87.9502295
705092,"201370092","5/16/2020 16:01",2020,5,"7050 N 37TH ST, Milwaukee, WI",NA,1,NA,4,900,18,53209,2545175.668,424243.008,0,1,0,0,0,0,0,0,0,0,TRUE,"Violent: Assault",43.1460365,-87.9569335
715022,"202320175","8/19/2020 21:30",2020,8,"3443 N 53RD ST, Milwaukee, WI","FIREARM",7,5,7,5000,97,53216,2539735.794,400763.127,0,0,1,0,0,0,1,0,0,0,TRUE,"Violent: Robbery",43.0818006,-87.9799349
728069,"203530036","12/18/2020 3:10",2020,12,"4607 N 49TH ST, Milwaukee, WI","PERSONAL WEAPON",7,1,7,2700,68,53218,2540946.334,407225.626,0,1,0,0,0,0,0,0,0,0,TRUE,"Violent: Assault",43.1010315,-87.9747076
703120,"201110017","4/20/2020 6:40",2020,4,"6421 N 89TH ST, Milwaukee, WI",NA,9,NA,4,600,10,53224,2527704.031,419581.336,0,1,0,0,0,0,0,0,0,0,TRUE,"Violent: Assault",43.1347389,-88.0232717
716956,"202500186","9/6/2020 23:00",2020,9,"1432 S 36TH ST, Milwaukee, WI","NONE",8,15,2,16100,217,53215,2545887.424,377299.793,0,1,0,0,0,0,0,0,0,0,TRUE,"Violent: Assault",43.0161166,-87.9585439
718024,"202610038","9/17/2020 5:35",2020,9,"2102 W KEEFE AV, Milwaukee, WI",NA,6,4,5,4700,109,53206,2550722.08,401295.212,0,0,0,1,0,0,0,0,0,0,TRUE,"Property: Vandalism",43.0826027,-87.93864
709119,"201800052","6/28/2020 4:30",2020,6,"1550 N 20TH ST, Milwaukee, WI","PERSONAL WEAPON",15,12,3,186200,174,53205,2551205.35,389497.166,0,1,1,0,0,0,0,0,0,0,TRUE,"Violent: Assault",43.0511201,-87.937621
714092,"202240176","8/7/2020 1:00",2020,8,"4215 N SHERMAN BL, Milwaukee, WI","OTHER",7,1,7,4000,66,53216,2542997.226,405131.9,0,1,0,0,0,0,0,0,0,0,TRUE,"Violent: Assault",43.094095007095,-87.967410985365
721363,"202910134","10/17/2020 17:30",2020,10,"418 E WELLS ST, Milwaukee, WI","BLUNT OBJECT",4,NA,1,14400,186,53202,2559561.361,386494.345,0,1,0,0,0,0,0,0,0,0,TRUE,"Violent: Assault",43.0413879,-87.9061179
716662,"202480027","9/4/2020 2:09",2020,9,"2104 W NATIONAL AV, Milwaukee, WI","PERSONAL WEAPON",8,15,2,15800,227,53204,2550991.578,379530.62,0,1,0,0,0,0,0,0,0,0,TRUE,"Violent: Assault",43.0228657,-87.9397786
749420,"211770152","5/26/2020 20:00",2020,5,"3803 S WHITNALL AV, Milwaukee, WI","NONE",14,NA,6,20600,294,53207,2560423.608,362912.108,0,1,0,0,0,0,0,0,0,0,TRUE,"Violent: Assault",42.9755229,-87.9063788
718741,"202670110","9/13/2020 14:00",2020,9,"3503 S AUSTIN ST, Milwaukee, WI",NA,14,NA,6,20600,294,53207,2560122.835,364577.585,0,0,1,0,0,0,0,0,0,0,TRUE,"Property: Burglary",42.9808955,-87.9070054
716100,"202420129","8/29/2020 5:00",2020,8,"8860 N 95TH ST, Milwaukee, WI","HANDGUN",9,18,4,201,2,53224,2525859.532,435433.014,0,1,0,1,0,0,0,0,0,0,TRUE,"Violent: Assault",43.1793317,-88.0271955
718890,"202690002","9/24/2020 23:30",2020,9,"3200 N 23RD ST, Milwaukee, WI","FIREARM",7,4,5,6500,110,53206,2550068.755,399284.727,0,1,0,0,0,0,0,0,0,0,TRUE,"Violent: Assault",43.077051,-87.9408727
700986,"200830019","3/23/2020 3:30",2020,3,"2613 N 45TH ST, Milwaukee, WI",NA,15,5,3,6100,159,53210,2542450.328,395149.479,0,0,0,1,0,0,0,0,0,0,TRUE,"Property: Vandalism",43.0664658,-87.9702728
715683,"202380101","8/25/2020 15:17",2020,8,"2024 S 11TH ST, Milwaukee, WI","FIREARM",12,16,2,16700,238,53204,2554814.774,374383.475,0,0,0,1,0,0,0,0,0,0,TRUE,"Property: Vandalism",43.0076682,-87.9254027
705264,"201390153","5/18/2020 15:00",2020,5,"6541 S 13TH ST, Milwaukee, WI","PERSONAL WEAPON",13,NA,6,21700,315,53221,2554291.678,345923.809,0,1,0,0,0,0,0,0,0,0,TRUE,"Violent: Assault",42.9262033,-87.9316106
696173,"200250038","1/24/2020 2:00",2020,1,"1214 W VINE ST, Milwaukee, WI","PERSONAL WEAPON",15,10,3,185900,174,53205,2554028.077,390998.725,0,1,0,0,0,0,0,0,0,0,TRUE,"Violent: Assault",43.0541587,-87.9275669
715926,"202400190","8/27/2020 20:00",2020,8,"7126 N 46TH ST, Milwaukee, WI",NA,9,NA,4,800,17,53223,2541719.589,424634.006,0,1,0,0,0,0,0,0,0,0,TRUE,"Violent: Assault",43.1473384,-87.9697581
726994,"203430173","12/8/2020 19:25",2020,12,"2452 W CAPITOL DR, Milwaukee, WI","FIREARM,HANDGUN",1,4,5,4200,60,53206,2549298.443,403936.193,0,1,0,0,0,0,0,0,0,0,TRUE,"Violent: Assault",43.0900469,-87.9437633
705937,"201470079","5/23/2020 13:37",2020,5,"901 E CENTER ST, Milwaukee, WI",NA,3,7,5,7900,138,53212,2561031.396,396111.794,0,0,1,0,0,0,0,0,0,0,TRUE,"Property: Burglary",43.0673507,-87.9002119
702026,"200960070","4/5/2020 14:45",2020,4,"7320 W FLORIST AV, Milwaukee, WI","HANDGUN",2,2,4,1300,26,53218,2533331.919,417073.462,0,1,0,0,0,0,0,0,0,0,TRUE,"Violent: Assault",43.1273712,-88.0028516
728937,"203600043","12/25/2020 7:35",2020,12,"1818 N 33RD ST, Milwaukee, WI","HANDGUN",15,11,3,9700,170,53208,2546498.595,390982.853,0,1,0,0,0,0,0,0,0,0,TRUE,"Violent: Assault",43.0548434,-87.9549585
696297,"200260139","1/26/2020 22:44",2020,1,"4440 W OLIVE ST, Milwaukee, WI","PERSONAL WEAPON",7,1,7,4000,66,53216,2542400.051,405448.522,0,1,0,0,0,0,0,0,0,0,TRUE,"Violent: Assault",43.0945166,-87.9693138
713699,"202210077","8/8/2020 6:14",2020,8,"1801 S MUSKEGO AV, Milwaukee, WI",NA,8,15,2,16900,225,53204,2551138.159,375291.505,0,0,1,0,0,0,0,0,0,0,TRUE,"Property: Burglary",43.0110246,-87.9396829
714811,"202300207","8/17/2020 12:20",2020,8,"330 E WELLS ST, Milwaukee, WI",NA,4,NA,1,14400,186,53202,2559214.204,386452.833,0,0,0,1,0,0,0,0,0,0,TRUE,"Property: Vandalism",43.0414748,-87.9079097
714076,"202240140","8/11/2020 15:00",2020,8,"4952 N 54TH ST, Milwaukee, WI","PERSONAL WEAPON",1,NA,7,2900,47,53218,2539401.814,409142.233,0,1,0,0,0,0,0,0,0,0,TRUE,"Violent: Assault",43.1077134,-87.9798091
695441,"200160106","1/16/2020 13:15",2020,1,"3330 N 11TH ST, Milwaukee, WI",NA,6,4,5,6800,116,53206,2554374.61,400124.439,0,0,1,0,0,0,0,0,0,0,TRUE,"Property: Burglary",43.0796277,-87.9246463
714530,"202280147","8/15/2020 16:20",2020,8,"918 S 25TH ST, Milwaukee, WI","HANDGUN",8,15,2,15900,226,53204,2549514.298,379378.478,0,1,0,0,0,0,1,0,0,0,TRUE,"Violent: Assault",43.0216448,-87.9448953
704489,"201290065","5/8/2020 13:20",2020,5,"2866 N 20TH ST, Milwaukee, WI","BLUNT OBJECT",15,10,5,8600,146,53206,2551108.547,396652.11,0,1,0,0,0,0,0,0,0,0,TRUE,"Violent: Assault",43.0710698,-87.9372637
726751,"203420028","12/6/2020 22:53",2020,12,"4903 N 39TH ST, Milwaukee, WI",NA,1,2,7,2500,51,53209,2544350.307,409905.522,0,0,0,1,0,0,0,0,0,0,TRUE,"Property: Vandalism",43.1066189,-87.9618743
722268,"203000127","10/26/2020 14:34",2020,10,"1234 W JUNEAU AV, Milwaukee, WI",NA,4,12,3,186200,189,53233,2553872.785,388022.395,0,0,0,1,0,0,0,0,0,0,TRUE,"Property: Vandalism",43.0458533,-87.9282297
729390,"203640111","12/29/2020 15:02",2020,12,"3214 N SHERMAN BL, Milwaukee, WI",NA,7,5,7,4800,103,53216,2543060.92,399147.529,0,0,0,1,0,0,0,0,0,0,TRUE,"Property: Vandalism",43.077398004512,-87.966956015661
728083,"203530055","12/18/2020 7:30",2020,12,"6330 W CARMEN AV, Milwaukee, WI","ASPHYXIATION,PERSONAL WEAPON",9,2,4,1200,24,53218,2536718.477,415768.784,0,1,0,0,0,0,0,0,0,0,TRUE,"Violent: Assault",43.1232153,-87.9906616
716516,"202460124","9/2/2020 16:41",2020,9,"2616 W WISCONSIN AV, Milwaukee, WI","HANDGUN",4,14,3,13700,195,53233,2549024.543,385324.552,0,1,0,0,0,0,0,0,0,0,TRUE,"Violent: Assault",43.0389789,-87.9469447
721584,"202930155","10/19/2020 18:41",2020,10,"1234 N 25TH ST, Milwaukee, WI","LETHAL CUTTING INSTRUMENT",4,12,3,186100,193,53205,2549237.921,387943.755,0,1,1,0,0,0,1,0,0,0,TRUE,"Violent: Assault",43.046638,-87.9451304
700574,"200770107","3/17/2020 16:15",2020,3,"3125 N SHERMAN BL, Milwaukee, WI","HANDGUN",7,5,7,4900,103,53216,2543068.417,398484.224,0,1,0,0,0,0,0,0,0,0,TRUE,"Violent: Assault",43.075789014378,-87.967790015027
749290,"211760121","12/25/2020 0:38",2020,12,"158 N BROADWAY, Milwaukee, WI",NA,4,NA,1,187400,186,53202,2559597.372,382945.201,0,0,1,0,0,0,0,0,0,0,TRUE,"Property: Burglary",43.0317634,-87.9066162
723846,"203150100","11/6/2020 17:00",2020,11,"7800 W FOND DU LAC AV, Milwaukee, WI","HANDGUN",2,NA,4,1600,40,53218,2531755.633,412795.456,0,1,0,0,0,0,0,0,0,0,TRUE,"Violent: Assault",43.1159192,-88.0085153
723186,"203090110","10/1/2020 12:00",2020,10,"7415 W DEAN RD, Milwaukee, WI",NA,9,NA,4,102,4,53223,2533411.068,433013.744,0,0,0,1,0,0,0,0,1,0,TRUE,"Property: Vandalism",43.170152,-88.0026382
702797,"201060037","4/15/2020 1:39",2020,4,"5835 W LISBON AV, Milwaukee, WI",NA,10,5,3,5900,165,53210,2538368.262,395366.689,0,0,1,0,0,0,0,0,0,0,TRUE,"Property: Burglary",43.0670943,-87.9859744
704047,"201230139","5/1/2020 17:00",2020,5,"3824 N 53RD ST, Milwaukee, WI",NA,7,5,7,3700,98,53216,2539707.332,402422.654,0,0,1,0,0,0,0,0,0,0,TRUE,"Property: Burglary",43.086815,-87.9793078
707479,"201630068","6/11/2020 5:11",2020,6,"3637 N 14TH ST, Milwaukee, WI",NA,6,4,5,4600,115,53206,2553376.196,401741.54,0,1,0,0,0,0,0,0,0,0,TRUE,"Violent: Assault",43.084272,-87.9287399
716642,"202470185","9/3/2020 18:30",2020,9,"3202 N 11TH ST, Milwaukee, WI",NA,6,4,5,6600,116,53206,2554383.097,398655.427,0,1,0,0,0,0,0,0,0,0,TRUE,"Violent: Assault",43.0766531,-87.9247585
722444,"203020081","10/28/2020 11:30",2020,10,"3013 N 18TH ST, Milwaukee, WI",NA,6,4,5,6600,112,53206,2551576.821,397976.9,0,1,0,0,0,0,0,0,0,0,TRUE,"Violent: Assault",43.0736206,-87.9358285
725149,"203270206","11/22/2020 22:39",2020,11,"4608 S 20TH ST, Milwaukee, WI","PERSONAL WEAPON",13,NA,6,21400,308,53221,2551684.594,357452.225,0,1,0,0,0,0,0,0,0,0,TRUE,"Violent: Assault",42.9609944,-87.936649
719636,"202750127","10/1/2020 16:30",2020,10,"6700 W CAPITOL DR, Milwaukee, WI","LETHAL CUTTING INSTRUMENT",2,NA,7,3500,70,53216,2535335.215,403676.842,0,1,0,0,0,0,0,0,0,0,TRUE,"Violent: Assault",43.0905271,-87.9961338
728989,"203610004","12/25/2020 11:50",2020,12,"9900 W FOND DU LAC AV, Milwaukee, WI",NA,5,19,4,302,8,53224,2524635.907,419985.566,0,0,0,1,0,0,0,0,0,0,TRUE,"Property: Vandalism",43.1364291,-88.035091
728108,"203530104","12/18/2020 13:00",2020,12,"5916 N SHERMAN BL, Milwaukee, WI","BLUNT OBJECT",1,2,4,1100,22,53209,2542915.378,416565.625,0,1,0,1,0,0,0,0,0,0,TRUE,"Violent: Assault",43.125711001049,-87.965600997194
707413,"201620094","6/10/2020 16:50",2020,6,"5622 N 95TH ST, Milwaukee, WI","PERSONAL WEAPON",2,19,4,502,31,53225,2525714.453,414215.623,0,1,0,0,0,0,0,0,0,0,TRUE,"Violent: Assault",43.1205485,-88.0303864
706702,"201540154","6/2/2020 17:19",2020,6,"4081 N 20TH ST, Milwaukee, WI","PERSONAL WEAPON",1,4,5,4300,60,53209,2551033.66,404201.576,0,1,0,0,0,0,0,0,0,0,TRUE,"Violent: Assault",43.0914755,-87.937286
717419,"202550064","9/9/2020 17:00",2020,9,"2662 N 5TH ST, Milwaukee, WI",NA,6,6,5,185700,142,53212,2556599.884,395378.257,0,0,1,0,0,0,0,0,0,0,TRUE,"Property: Burglary",43.0671208,-87.9167371
699289,"200630077","3/3/2020 13:32",2020,3,"11122 W LANGLADE ST, Milwaukee, WI","LETHAL CUTTING INSTRUMENT",5,19,4,303,33,53225,2520764.634,417010.963,0,1,0,0,0,0,0,0,0,0,TRUE,"Violent: Assault",43.1276457,-88.0510861
705301,"201400058","5/19/2020 8:30",2020,5,"3300 S 92ND ST, Milwaukee, WI","PERSONAL WEAPON",11,NA,6,19400,271,53227,2527771.269,365780.772,0,1,0,1,0,0,0,0,0,0,TRUE,"Violent: Assault",42.9844839,-88.0271595
706546,"201530105","6/1/2020 10:15",2020,6,"3901 N 24TH PL, Milwaukee, WI",NA,7,4,5,4700,107,53206,2549304.995,403303.214,0,1,0,0,0,0,0,0,0,0,TRUE,"Violent: Assault",43.0881549,-87.9438953
699068,"200600095","2/29/2020 16:40",2020,2,"5223 W SILVER SPRING DR, Milwaukee, WI","NONE",1,2,4,1900,48,53218,2539980.782,414503.566,0,1,0,0,0,0,0,0,0,0,TRUE,"Violent: Assault",43.1190793,-87.9782132
715090,"202330101","8/20/2020 14:00",2020,8,"1900 W LAYTON AV, Milwaukee, WI","PERSONAL WEAPON",13,NA,6,21400,308,53221,2552907.518,356472.847,0,1,0,0,0,0,0,0,0,0,TRUE,"Violent: Assault",42.9596898,-87.9376581
697832,"200450061","2/14/2020 12:00",2020,2,"8151 W BLUE MOUND RD, Milwaukee, WI","PERSONAL WEAPON",10,NA,3,12700,209,53213,2531243.866,383773.941,0,1,0,0,0,0,0,0,0,0,TRUE,"Violent: Assault",43.035400981566,-88.014391971759
721513,"202930020","10/19/2020 2:00",2020,10,"3345 W HIGHLAND BL, Milwaukee, WI","PERSONAL WEAPON",4,14,3,13600,198,53208,2546593.218,387396.081,0,0,0,0,0,0,1,0,0,0,TRUE,"Violent: Robbery",43.044036018217,-87.956554995829
694604,"200060193","1/6/2020 7:15",2020,1,"8924 W MILL RD, Milwaukee, WI",NA,9,NA,4,600,10,53225,2527704.031,419581.336,0,0,1,0,0,0,0,0,0,0,TRUE,"Property: Burglary",43.1346307,-88.0236789
714593,"202290051","8/16/2020 6:00",2020,8,"1630 S 6TH ST, Milwaukee, WI",NA,12,16,2,16600,240,53204,2556682.398,376573.731,0,1,0,0,0,0,0,0,0,0,TRUE,"Violent: Assault",43.0135276,-87.918189
716188,"202430095","8/30/2020 3:00",2020,8,"2122 W VAN BECK AV, Milwaukee, WI",NA,13,NA,6,21300,306,53221,2551259.473,361444.423,0,0,0,1,0,0,0,0,0,0,TRUE,"Property: Vandalism",42.9732647,-87.9420016
721786,"202950174","10/21/2020 22:40",2020,10,"3422 N 40TH ST, Milwaukee, WI",NA,7,5,7,4800,102,53216,2544135.813,400667.965,0,1,0,0,0,0,0,0,0,0,TRUE,"Violent: Assault",43.0816857,-87.9629053
715010,"202320149","8/19/2020 18:20",2020,8,"164 N 68TH ST, Milwaukee, WI","NONE",10,NA,3,12600,207,53213,2535426.259,382585.451,0,1,0,0,0,0,0,0,0,0,TRUE,"Violent: Assault",43.0327854,-87.9971183
713447,"202180170","8/5/2020 19:36",2020,8,"2578 N 52ND ST, Milwaukee, WI","FIREARM,PERSONAL WEAPON",10,5,3,6000,165,53210,2540134.261,394442.929,0,1,0,0,0,0,0,0,0,0,TRUE,"Violent: Assault",43.0660185,-87.9784154
725020,"203260199","11/21/2020 22:00",2020,11,"2351 S 7TH ST, Milwaukee, WI",NA,12,17,2,17600,250,53215,2556349.074,372428.205,0,1,0,0,0,0,0,0,0,0,TRUE,"Violent: Assault",43.0017236,-87.9202757
728243,"203540115","12/17/2020 10:15",2020,12,"3278 N DOUSMAN ST, Milwaukee, WI","PERSONAL WEAPON",3,NA,5,7200,126,53212,2561995.647,399436.792,0,1,0,0,0,0,0,0,1,0,TRUE,"Violent: Assault",43.0780403,-87.8959148
701701,"200920024","4/1/2020 3:10",2020,4,"1400 S UNION ST, Milwaukee, WI",NA,12,15,2,16300,229,53204,2552359.357,377510.229,0,0,1,0,0,0,0,0,0,0,TRUE,"Property: Burglary",43.0166172,-87.933918
718434,"202640204","9/20/2020 23:03",2020,9,"9025 W APPLETON AV, Milwaukee, WI","PERSONAL WEAPON",5,NA,7,1700,36,53225,2527464.199,411377.846,0,1,0,1,0,0,0,0,0,0,TRUE,"Violent: Assault",43.1117821,-88.0254973
724844,"203250100","11/14/2020 22:00",2020,11,"2948 N NEWHALL ST, Milwaukee, WI",NA,3,NA,1,7800,128,53211,2563677.144,397480.712,0,0,1,0,0,0,0,0,0,0,TRUE,"Property: Burglary",43.0721181,-87.8900804
716974,"202510039","9/7/2020 6:05",2020,9,"2408 W LAWN AV, Milwaukee, WI",NA,1,3,4,2200,55,53209,2549647.393,412937.282,0,0,1,0,0,0,0,0,0,0,TRUE,"Property: Burglary",43.1146375,-87.9418277
725050,"203270047","11/22/2020 3:00",2020,11,"7535 W BURLEIGH ST, Milwaukee, WI",NA,10,NA,7,5800,92,53210,2532740.211,398283.9,0,0,1,0,0,0,0,0,0,0,TRUE,"Property: Burglary",43.0750295,-88.0069572
700234,"200740047","3/14/2020 6:00",2020,3,"2333 S 19TH ST, Milwaukee, WI","PERSONAL WEAPON",12,17,2,18800,257,53215,2551806.427,372377.121,0,0,0,0,0,0,1,0,0,0,TRUE,"Violent: Robbery",43.0022714,-87.9373594
711457,"202020043","7/20/2020 3:47",2020,7,"NO LOCATION ENTERED, Milwaukee, WI","FIREARM",NA,NA,NA,NA,NA,NA,NA,NA,0,1,0,0,0,0,0,0,0,0,FALSE,"Violent: Assault",43.041072,-87.909421
714126,"202250022","8/12/2020 3:25",2020,8,"5823 W APPLETON AV, Milwaukee, WI",NA,10,5,7,5900,164,53210,2538357.387,395755.611,0,1,0,0,0,0,0,0,0,0,TRUE,"Violent: Assault",43.0686031,-87.9860369
706733,"201540207","6/2/2020 22:57",2020,6,"2871 S 11TH ST, Milwaukee, WI","FIREARM",14,17,6,18700,252,53215,2554793.265,369050.293,0,1,0,0,0,0,0,0,0,0,TRUE,"Violent: Assault",42.9921462,-87.9265747
707930,"201680074","6/16/2020 12:40",2020,6,"7859 W APPLETON AV, Milwaukee, WI","FIREARM",5,NA,7,3300,76,53218,2531518.167,406220.344,0,0,0,0,0,0,1,0,0,0,TRUE,"Violent: Robbery",43.0981984,-88.0113339
727005,"203430194","12/8/2020 21:50",2020,12,"2705 N CRAMER ST, Milwaukee, WI","HANDGUN",3,NA,1,7800,136,53211,2564680.408,396175.791,0,0,0,0,0,0,1,0,0,0,TRUE,"Violent: Robbery",43.067583,-87.8868282
727140,"203440206","12/3/2020 23:50",2020,12,"2765 N 5TH ST, Milwaukee, WI","PERSONAL WEAPON",6,6,5,185700,142,53212,2556582.29,396366.798,0,1,0,0,0,0,0,0,0,0,TRUE,"Violent: Assault",43.0690358,-87.9172401
704639,"201310069","5/10/2020 15:40",2020,5,"1833 W WASHINGTON ST, Milwaukee, WI",NA,12,15,2,15800,228,53204,2552064.831,378640.326,0,1,0,0,0,0,0,0,0,0,TRUE,"Violent: Assault",43.0200057,-87.9366578
702815,"201060062","4/14/2020 16:00",2020,4,"712 E KNAPP ST, Milwaukee, WI",NA,4,NA,1,11100,184,53202,2560386.205,388610.581,0,0,0,1,0,0,0,0,0,0,TRUE,"Property: Vandalism",43.0472233,-87.9029812
711435,"202020008","7/20/2020 0:37",2020,7,"3909 N 28TH ST, Milwaukee, WI","FIREARM",7,4,5,4700,107,53216,2548046.783,403092.555,0,0,0,0,1,0,0,0,0,0,TRUE,"Violent: Homicide",43.0877945,-87.9484175
707762,"201660131","6/14/2020 19:30",2020,6,"2123 N 31ST ST, Milwaukee, WI",NA,15,11,3,9800,150,53208,2547175.175,392269.88,1,1,1,0,0,0,0,0,0,0,TRUE,"Violent: Assault",43.0584393,-87.9528009
701922,"200950027","4/4/2020 6:00",2020,4,"3944 N 14TH ST, Milwaukee, WI",NA,6,4,5,4600,115,53206,2553370.198,403288.777,0,0,0,1,0,0,0,0,0,0,TRUE,"Property: Vandalism",43.0886497,-87.928077
697884,"200460043","2/14/2020 21:00",2020,2,"1300 W KEEFE AV, Milwaukee, WI",NA,6,4,5,4600,115,53206,2553710.811,401109.218,0,1,0,0,0,0,0,0,0,0,TRUE,"Violent: Assault",43.0818857,-87.9274906
699472,"200650115","3/5/2020 17:16",2020,3,"5601 S 22ND ST, Milwaukee, WI",NA,13,NA,6,21700,314,53221,2550686.715,350723.339,1,0,0,0,0,0,0,0,0,0,TRUE,"Property: Arson",42.9429162,-87.943405
722903,"203060170","11/1/2020 20:44",2020,11,"3500 W LISBON AV, Milwaukee, WI",NA,15,11,3,9600,155,53208,2545862.555,391064.173,0,0,0,1,0,0,0,0,0,0,TRUE,"Property: Vandalism",43.0549127,-87.957784
719189,"202710113","9/26/2020 17:30",2020,9,"5011 W HOWARD AV, Milwaukee, WI",NA,11,NA,6,19900,278,53220,2541427.724,361519.483,0,0,1,0,0,0,0,0,0,0,TRUE,"Property: Burglary",42.9734928,-87.9773663
703273,"201130024","4/21/2020 11:00",2020,4,"2929 S 15TH ST, Milwaukee, WI",NA,13,NA,6,20400,285,53215,2553422.464,368398.905,0,0,1,0,0,0,0,0,0,0,TRUE,"Property: Burglary",42.9913046,-87.9316917
712416,"202100001","7/27/2020 23:58",2020,7,"3006 S 27TH ST, Milwaukee, WI","NONE",13,NA,6,20100,284,53215,2548935.549,367971.072,0,1,0,0,0,0,0,0,0,0,TRUE,"Violent: Assault",42.9904027,-87.9474948
707506,"201630123","6/11/2020 19:30",2020,6,"327 E ST PAUL AV, Milwaukee, WI",NA,4,NA,1,187400,186,53202,2559452.288,384249.736,0,0,0,1,0,0,0,0,0,0,TRUE,"Property: Vandalism",43.0349923,-87.9063783
720610,"202840129","10/9/2020 14:00",2020,10,"3531 S 2ND ST, Milwaukee, WI",NA,13,NA,6,18500,293,53207,2558397.279,364538.603,0,0,1,0,0,0,0,0,0,0,TRUE,"Property: Burglary",42.9803577,-87.9134952
699796,"200690084","3/8/2020 5:23",2020,3,"724 N WATER ST, Milwaukee, WI",NA,4,NA,1,14400,186,53202,2558960.876,385526.687,0,0,0,1,0,0,0,0,0,0,TRUE,"Property: Vandalism",43.0390548,-87.9090463
708877,"201770126","6/25/2020 15:45",2020,6,"7010 N 60TH ST, Milwaukee, WI",NA,9,NA,4,800,16,53223,2537600.36,423588.101,0,1,0,0,0,0,0,0,0,0,TRUE,"Violent: Assault",43.1451937,-87.9851222
714995,"202320120","8/19/2020 15:53",2020,8,"9108 W BROWN DEER RD, Milwaukee, WI","NONE",9,NA,4,201,2,53224,2526965.001,435473.391,0,0,0,0,0,0,1,0,0,0,TRUE,"Violent: Robbery",43.1782648,-88.0249042
708185,"201710056","6/19/2020 0:10",2020,6,"8041 N 76TH ST, Milwaukee, WI",NA,9,NA,4,102,5,53223,2532336.858,430345.882,0,0,0,1,0,0,0,0,1,0,TRUE,"Property: Vandalism",43.1642133,-88.005266
695035,"200120037","1/12/2020 8:45",2020,1,"9219 N 75TH ST, Milwaukee, WI","ASPHYXIATION",9,NA,4,101,4,53223,2532631.654,438041.317,0,1,0,0,0,0,0,0,0,0,TRUE,"Violent: Assault",43.1863024,-88.0033141
712872,"202130139","7/31/2020 17:55",2020,7,"2207 N 38TH ST, Milwaukee, WI","HANDGUN",15,11,3,9000,155,53208,2544876.868,392714.178,0,1,0,0,0,0,0,0,0,0,TRUE,"Violent: Assault",43.0594611,-87.9613556
712270,"202080219","7/26/2020 20:50",2020,7,"4130 W MARTIN DR, Milwaukee, WI","UNKNOWN",10,NA,3,12400,202,53208,2543833.908,387836.353,0,1,0,0,0,0,0,0,0,0,TRUE,"Violent: Assault",43.0462452,-87.9665761
698094,"200480158","2/13/2020 1:00",2020,2,"853 N 23RD ST, Milwaukee, WI",NA,4,14,3,14800,194,53233,2550270.881,385921.569,0,1,0,0,0,0,0,0,0,0,TRUE,"Violent: Assault",43.0414394,-87.9419501
704227,"201260035","5/5/2020 6:30",2020,5,"4656 N 20TH ST, Milwaukee, WI","HANDGUN",1,3,7,2300,58,53209,2551025.091,408276.798,0,1,0,0,0,0,0,0,0,0,TRUE,"Violent: Assault",43.1021973,-87.936432
714127,"202250023","8/12/2020 3:50",2020,8,"3033 N 27TH ST, Milwaukee, WI",NA,7,4,5,6300,111,53210,2548439.721,397958.148,0,1,0,0,0,0,0,0,0,0,TRUE,"Violent: Assault",43.0741768,-87.9475779
717070,"202510201","9/7/2020 21:15",2020,9,"3515 W DOUGLAS AV, Milwaukee, WI","PERSONAL WEAPON",1,2,4,1100,21,53209,2545610.556,418974.18,0,1,0,0,0,0,0,0,0,0,TRUE,"Violent: Assault",43.1308229,-87.9565584
695268,"200140137","1/14/2020 19:40",2020,1,"6215 W WARNIMONT AV, Milwaukee, WI","NONE",11,NA,6,19800,277,53220,2537749.573,363360.297,0,1,0,0,0,0,0,0,0,0,TRUE,"Violent: Assault",42.9778705,-87.9904179
720249,"202810087","10/7/2020 11:25",2020,10,"6811 N TEUTONIA AV, Milwaukee, WI","NONE",1,NA,4,900,19,53209,2545897.617,422620.238,0,1,0,0,0,0,0,0,0,0,TRUE,"Violent: Assault",43.1415656,-87.9552162
706779,"201550067","6/3/2020 3:48",2020,6,"4357 N 60TH ST, Milwaukee, WI",NA,2,NA,7,3600,70,53216,2537697.704,405744.26,0,0,1,0,0,0,0,0,0,0,TRUE,"Property: Burglary",43.0966875,-87.987341
709649,"201850133","7/3/2020 19:00",2020,7,"5100 N 62ND ST, Milwaukee, WI","HANDGUN",2,NA,7,3000,44,53218,2537072.468,410417.325,0,1,0,1,0,0,0,0,0,0,TRUE,"Violent: Assault",43.1102137,-87.9885767
701055,"200830138","3/23/2020 21:30",2020,3,"4734 N 72ND ST, Milwaukee, WI",NA,2,NA,7,3200,73,53218,2533582.31,408384.577,0,0,0,1,0,0,0,0,0,0,TRUE,"Property: Vandalism",43.1037939,-88.001697
713345,"202170201","8/4/2020 18:00",2020,8,"5800 N 91ST ST, Milwaukee, WI",NA,2,2,4,1500,30,53225,2527054.624,415571.008,0,1,0,0,0,0,0,0,0,0,TRUE,"Violent: Assault",43.1233673,-88.0254131
706957,"201570066","6/5/2020 0:00",2020,6,"2700 W CENTER ST, Milwaukee, WI","FIREARM",15,8,5,8800,151,53210,2548469.601,395961.401,0,1,0,0,0,0,0,0,0,0,TRUE,"Violent: Assault",43.0677223,-87.9136379
724272,"203200030","11/15/2020 2:23",2020,11,"734 W MONTANA ST, Milwaukee, WI",NA,14,17,6,18600,252,53215,2556411.018,369095.105,0,0,0,1,0,1,0,0,0,0,TRUE,"Property: Vandalism",42.9938944,-87.9213491
707363,"201620016","6/10/2020 2:50",2020,6,"126 E TOWNSEND ST, Milwaukee, WI",NA,6,6,5,6900,120,53212,2558116.784,400698.747,1,0,0,0,0,0,0,0,0,0,TRUE,"Property: Arson",43.080418,-87.9099435
701539,"200900040","3/29/2020 23:15",2020,3,"2131 S MUSKEGO AV, Milwaukee, WI",NA,8,17,2,17300,223,53215,2550371.613,373684.148,0,0,1,0,0,0,0,0,0,0,TRUE,"Property: Burglary",43.0060418,-87.9428782
711175,"201990192","7/17/2020 20:00",2020,7,"6570 N 104TH CT, Milwaukee, WI",NA,2,19,4,302,32,53224,2522730.217,420503.659,0,1,0,0,0,0,0,0,0,0,TRUE,"Violent: Assault",43.1375365,-88.0410795
696395,"200280016","1/28/2020 3:25",2020,1,"3940 W LISBON AV, Milwaukee, WI",NA,15,11,3,9600,156,53208,2544581.092,391227.918,0,0,0,1,0,0,0,0,0,0,TRUE,"Property: Vandalism",43.0558068,-87.9632846
704008,"201230060","5/1/2020 22:00",2020,5,"2223 W FOREST HOME AV, Milwaukee, WI",NA,8,17,2,17400,224,53215,2550519.234,372972.648,0,0,0,1,0,0,0,0,0,0,TRUE,"Property: Vandalism",43.0042154,-87.9421544
722686,"203040134","10/30/2020 18:20",2020,10,"2613 N 55TH ST, Milwaukee, WI","LETHAL CUTTING INSTRUMENT",10,5,3,5900,163,53210,2539193.329,395092.55,0,1,0,0,0,0,0,0,0,0,TRUE,"Violent: Assault",43.0665301,-87.9824425
708648,"201750089","3/1/2020 13:00",2020,3,"534 S 84TH ST, Milwaukee, WI",NA,10,NA,3,12700,209,53214,2530157.689,380307.606,0,0,0,1,0,0,0,0,1,0,TRUE,"Property: Vandalism",43.0257141,-88.0171699
728098,"203530084","12/18/2020 11:19",2020,12,"3911 W CONGRESS ST, Milwaukee, WI","ASPHYXIATION",7,1,7,4100,65,53209,2544398.081,406338.162,0,1,0,0,0,0,0,0,0,0,TRUE,"Violent: Assault",43.0965392,-87.9620492
708154,"201710002","6/18/2020 23:40",2020,6,"6228 W NASH ST, Milwaukee, WI","PERSONAL WEAPON",10,NA,7,5100,91,53216,2537046.873,401720.04,0,1,0,0,0,0,0,0,0,0,TRUE,"Violent: Assault",43.0846268,-87.9905932
713529,"202190129","8/6/2020 16:00",2020,8,"5700 W CAPITOL DR, Milwaukee, WI",NA,2,NA,7,3600,70,53216,2538705.414,403753.801,0,1,0,0,0,0,0,0,0,0,TRUE,"Violent: Assault",43.091496,-87.9841047
697559,"200410137","2/10/2020 20:13",2020,2,"3760 S 15TH ST, Milwaukee, WI","LETHAL CUTTING INSTRUMENT",13,NA,6,20300,288,53221,2553504.383,363106.157,0,1,0,0,0,0,0,0,0,0,TRUE,"Violent: Assault",42.9761093,-87.9313221
696486,"200281010","1/28/2020 13:40",2020,1,"3360 N SHERMAN BL, Milwaukee, WI","PERSONAL WEAPON",7,5,7,4800,102,53216,2543048.94,400207.527,0,1,0,0,0,0,0,0,0,0,TRUE,"Violent: Assault",43.080511001442,-87.966553013756
710073,"201890084","7/7/2020 9:00",2020,7,"1630 N 32ND ST, Milwaukee, WI","PERSONAL WEAPON",15,11,3,9700,170,53208,2546825.771,389925.926,0,1,0,0,0,0,0,0,0,0,TRUE,"Violent: Assault",43.0521873,-87.9538692
696224,"200260005","1/25/2020 23:57",2020,1,"1222 N 26TH ST, Milwaukee, WI","PERSONAL WEAPON",4,12,3,186100,193,53205,2548960.796,387938.07,0,1,0,0,0,0,0,0,0,0,TRUE,"Violent: Assault",43.046582,-87.9461699
717016,"202510092","9/4/2020 16:00",2020,9,"924 E JUNEAU AV, Milwaukee, WI",NA,4,NA,1,11100,184,53202,2561064.353,388181.305,0,0,1,0,0,0,0,0,0,0,TRUE,"Property: Burglary",43.0461423,-87.9003804
723248,"203100022","11/5/2020 2:00",2020,11,"151 W LAYTON AV, Milwaukee, WI","HANDGUN",13,NA,6,21600,316,53207,2559154.642,356587.135,0,0,0,0,0,0,1,0,0,0,TRUE,"Violent: Robbery",42.9588242,-87.9116954
694470,"200050103","1/5/2020 15:10",2020,1,"626 E STATE ST, Milwaukee, WI","NONE",4,NA,1,14400,185,53202,2560141.327,387445.136,0,1,0,0,0,0,0,0,0,0,TRUE,"Violent: Assault",43.0441962,-87.9039892
709911,"201880026","7/6/2020 1:38",2020,7,"1128 E WRIGHT ST, Milwaukee, WI","HANDGUN",3,7,5,7900,137,53212,2561730.316,394796.034,0,1,0,0,0,0,1,0,0,0,TRUE,"Violent: Assault",43.0638903,-87.897456
705895,"201470005","5/26/2020 0:01",2020,5,"2919 N 47TH ST, Milwaukee, WI","NONE",7,5,7,4900,103,53210,2541764.297,397137.957,0,1,0,0,0,0,0,0,0,0,TRUE,"Violent: Assault",43.0720636,-87.9726885
719097,"202700145","9/26/2020 16:30",2020,9,"2872 N 38TH ST, Milwaukee, WI",NA,15,5,7,6200,153,53210,2544824.55,396532.098,0,1,0,0,0,0,0,0,0,0,TRUE,"Violent: Assault",43.0713222,-87.9606472
706039,"201480121","5/27/2020 16:25",2020,5,"7509 W SILVER SPRING DR, Milwaukee, WI","PERSONAL WEAPON,LETHAL CUTTING INSTRUMENT",2,2,4,1300,41,53218,2532706.58,414464.721,0,1,0,0,0,0,0,0,0,0,TRUE,"Violent: Assault",43.1193921,-88.0050596
739490,"210980174","4/8/2021 22:00",2021,4,"2300 W LAYTON AV, Milwaukee, WI","HANDGUN",13,NA,6,21400,308,53221,2550405.41,356434.74,0,1,0,0,0,0,0,0,0,0,TRUE,"Violent: Assault",42.9596566,-87.9440624
733193,"210350038","1/29/2021 17:00",2021,1,"3634 N 26TH ST, Milwaukee, WI",NA,6,4,5,4700,109,53206,2548736.977,401301.096,0,1,0,0,0,0,0,0,0,0,TRUE,"Violent: Assault",43.0844166,-87.9456114
734807,"210530071","2/22/2021 4:23",2021,2,"5230 W LISBON AV, Milwaukee, WI",NA,10,5,3,9300,165,53210,2540138.646,394167.273,0,0,1,0,0,0,0,0,0,0,TRUE,"Property: Burglary",43.0641638,-87.9794502
759547,"212530111","9/10/2021 17:30",2021,9,"6141 W CALUMET RD, Milwaukee, WI","PERSONAL WEAPON",9,NA,4,700,14,53223,2537612.083,428104.416,0,1,0,0,0,0,0,0,0,0,TRUE,"Violent: Assault",43.157794,-87.9878848
747345,"211620145","6/11/2021 8:45",2021,6,"9857 W MENOMONEE PARK CT, Milwaukee, WI","NONE",2,19,4,502,32,53225,2524835.932,416705.055,0,1,0,0,0,0,0,0,0,0,TRUE,"Violent: Assault",43.1254381,-88.0351156
735497,"210590141","2/28/2021 18:10",2021,2,"5272 N LOVERS LANE RD, Milwaukee, WI","FIREARM",5,NA,4,400,34,53225,2519155.135,411349.149,0,1,0,0,0,0,0,0,0,0,TRUE,"Violent: Assault",43.1138707,-88.054725
735659,"210610087","3/2/2021 14:11",2021,3,"7801 N 64TH CT, Milwaukee, WI",NA,9,NA,4,700,14,53223,2536420.403,429845.483,0,1,0,0,0,0,0,0,0,0,TRUE,"Violent: Assault",43.1606532,-87.9897588
757646,"212380068","8/26/2021 8:30",2021,8,"5228 N 88TH CT, Milwaukee, WI",NA,2,NA,4,1600,37,53225,2527900.783,411940.41,0,1,0,0,0,0,0,0,0,0,TRUE,"Violent: Assault",43.1129577,-88.0230719
731157,"210140203","1/14/2021 22:49",2021,1,"2200 S 13TH ST, Milwaukee, WI",NA,12,17,2,17500,255,53215,2554115.077,373035.302,0,0,0,1,0,0,0,0,0,0,TRUE,"Property: Vandalism",43.0043749,-87.9280754
756684,"212310022","8/19/2021 2:40",2021,8,"4805 N SHERMAN BL, Milwaukee, WI","PERSONAL WEAPON",1,2,7,2800,50,53209,2543031.087,409212.265,0,1,0,0,0,0,0,0,0,0,TRUE,"Violent: Assault",43.104912984699,-87.967092975959
736570,"210700088","3/11/2021 1:00",2021,3,"9700 W CAPITOL DR, Milwaukee, WI",NA,5,NA,7,3400,80,53222,2525406.253,403342.877,0,0,0,1,0,0,0,0,0,0,TRUE,"Property: Vandalism",43.0899821,-88.0342306
758783,"212460209","9/3/2021 8:30",2021,9,"700 S 4TH ST, Milwaukee, WI","PERSONAL WEAPON",12,16,2,186500,235,53204,2557402.277,380247.956,0,1,0,0,0,0,0,0,0,0,TRUE,"Violent: Assault",43.0246365,-87.9147392
731482,"210170138","1/17/2021 17:03",2021,1,"3354 N 18TH ST, Milwaukee, WI","FIREARM",6,4,5,6800,113,53206,2552078.281,400417.797,0,1,0,0,0,0,0,0,0,0,TRUE,"Violent: Assault",43.0802259,-87.9332488
739973,"211030100","4/13/2021 2:00",2021,4,"5511 W MARTIN DR, Milwaukee, WI","PERSONAL WEAPON,ASPHYXIATION",10,NA,3,12400,203,53208,2539348.743,387743.468,0,1,0,0,0,0,0,0,0,0,TRUE,"Violent: Assault",43.0456203,-87.9826397
742646,"211250066","5/3/2021 16:00",2021,5,"1201 W HISTORIC MITCHELL ST, Milwaukee, WI","PERSONAL WEAPON",12,16,2,16800,238,53204,2554439.316,375830.945,0,0,0,0,0,0,1,0,0,0,TRUE,"Violent: Robbery",43.0120417,-87.9272336
762335,"212760029","10/3/2021 1:50",2021,10,"843 W WINDLAKE AV, Milwaukee, WI","PERSONAL WEAPON",12,16,2,16700,238,53204,2555799.149,375073.933,0,1,0,0,0,0,0,0,0,0,TRUE,"Violent: Assault",43.0097022,-87.9220746
751109,"211910058","7/10/2021 3:00",2021,7,"2466 N 52ND ST, Milwaukee, WI",NA,10,5,3,9200,165,53210,2540138.646,394167.273,0,1,0,0,0,0,0,0,0,0,TRUE,"Violent: Assault",43.0639239,-87.978485
730008,"210050014","1/4/2021 21:21",2021,1,"8928 W APPLETON AV, Milwaukee, WI",NA,2,NA,7,1700,38,53225,2527996.181,410866.472,0,1,0,0,0,0,0,0,0,0,TRUE,"Violent: Assault",43.1112151,-88.0234838
765254,"212990191","10/26/2021 22:45",2021,10,"6245 N 84TH ST, Milwaukee, WI","PERSONAL WEAPON",2,2,4,1400,29,53225,2529682.049,418068.616,0,1,0,0,0,0,0,0,0,0,TRUE,"Violent: Assault",43.1316434,-88.0160709
767773,"213200150","11/16/2021 14:00",2021,11,"5736 N 64TH ST, Milwaukee, WI",NA,9,2,4,1200,23,53218,2536339.331,415110.255,0,0,1,0,0,0,0,0,0,0,TRUE,"Property: Burglary",43.1222594,-87.9903303
738634,"210910012","4/1/2021 1:23",2021,4,"4365 S 13TH ST, Milwaukee, WI","PERSONAL WEAPON",13,NA,6,21400,308,53221,2554261.874,358766.668,0,1,0,0,0,0,0,0,0,0,TRUE,"Violent: Assault",42.965153,-87.9295321
737890,"210830105","3/24/2021 14:00",2021,3,"4010 W FAIRMOUNT AV, Milwaukee, WI",NA,1,2,7,2500,51,53209,2544028.809,410572.449,0,1,0,0,0,0,0,0,1,0,TRUE,"Violent: Assault",43.1084418,-87.9630565
734546,"210500118","2/19/2021 19:15",2021,2,"5253 N LOVERS LANE RD, Milwaukee, WI","PERSONAL WEAPON",5,NA,4,400,34,53225,2519155.135,411349.149,0,0,0,0,0,0,1,0,0,0,TRUE,"Violent: Robbery",43.1129751,-88.0563107
746424,"211560008","6/4/2021 22:30",2021,6,"8400 W CONGRESS ST, Milwaukee, WI","HANDGUN",5,NA,7,3300,78,53225,2529515.686,406141.204,0,0,0,0,0,0,1,0,0,0,TRUE,"Violent: Robbery",43.097174,-88.017573
763915,"212880126","10/15/2021 15:15",2021,10,"4063 N 26TH ST, Milwaukee, WI","PERSONAL WEAPON",1,4,5,4200,60,53209,2548710.267,403937.603,0,1,0,0,0,0,0,0,0,0,TRUE,"Violent: Assault",43.0912415,-87.9459856
768581,"213270072","10/1/2021 8:00",2021,10,"3056 N PALMER ST, Milwaukee, WI",NA,6,6,5,7000,122,53212,2558539.936,398054.881,0,0,0,1,0,0,0,0,0,0,TRUE,"Property: Vandalism",43.074243,-87.909087
750658,"211870121","7/5/2021 0:30",2021,7,"3407 N 38TH ST, Milwaukee, WI","PERSONAL WEAPON",7,5,7,4800,102,53216,2544766.822,400685.084,0,1,0,0,0,0,0,0,0,0,TRUE,"Violent: Assault",43.0813613,-87.9610837
732387,"210260012","1/26/2021 0:00",2021,1,"2011 S ALLIS ST, Milwaukee, WI","OTHER",14,NA,2,18000,241,53207,2560593.497,374231.75,0,1,0,0,0,0,0,0,0,0,TRUE,"Violent: Assault",43.0071952,-87.904352
762453,"212770012","10/4/2021 0:30",2021,10,"3010 W WELLS ST, Milwaukee, WI","PERSONAL WEAPON",4,14,3,13500,198,53208,2547827.969,385872.447,0,1,0,0,0,0,0,0,0,0,TRUE,"Violent: Assault",43.0407032,-87.9524224
765484,"213010189","10/28/2021 21:35",2021,10,"2964 N RICHARDS ST, Milwaukee, WI","PERSONAL WEAPON",6,6,5,7000,140,53212,2559030.265,397375.98,0,1,0,0,0,0,0,0,0,0,TRUE,"Violent: Assault",43.0725385,-87.9075002
750431,"211860003","7/5/2021 0:12",2021,7,"1529 N 39TH ST, Milwaukee, WI","FIREARM",15,11,3,9600,169,53208,2544740.326,389392.199,0,1,0,0,0,0,0,0,0,0,TRUE,"Violent: Assault",43.0508448,-87.96222
734260,"210470053","2/16/2021 12:30",2021,2,"5172 N LOVERS LANE RD, Milwaukee, WI","PERSONAL WEAPON",5,NA,4,400,34,53225,2519179.232,410770.416,0,0,0,0,0,0,1,0,0,0,TRUE,"Violent: Robbery",43.1118595,-88.0553175
737168,"210760136","3/17/2021 16:40",2021,3,"6800 W LANCASTER AV, Milwaukee, WI","FIREARM",2,NA,7,3000,42,53218,2535083.609,410966.94,0,1,0,0,0,0,0,0,0,0,TRUE,"Violent: Assault",43.110046,-87.996285
751332,"211920200","7/11/2021 17:55",2021,7,"715 E NASH ST, Milwaukee, WI","PERSONAL WEAPON",6,7,5,4400,124,53212,2559992.303,402089.218,0,1,0,0,0,0,0,0,0,0,TRUE,"Violent: Assault",43.0838737,-87.902696
766677,"213110136","11/7/2021 12:00",2021,11,"4401 N 84TH ST, Milwaukee, WI",NA,5,NA,7,3300,78,53225,2529515.686,406141.204,0,0,0,1,0,0,0,0,0,0,TRUE,"Property: Vandalism",43.097368,-88.0177367
755404,"212210214","8/8/2021 14:00",2021,8,"5019 N 64TH ST, Milwaukee, WI","PERSONAL WEAPON",2,NA,7,3000,44,53218,2536383.759,409959.05,0,0,0,0,0,0,1,0,0,0,TRUE,"Violent: Robbery",43.1088319,-87.991616
769317,"213330174","11/29/2021 8:00",2021,11,"176 W MICHIGAN ST, Milwaukee, WI",NA,4,NA,1,186300,187,53203,2558417.135,385069.486,0,0,0,1,0,0,0,0,0,0,TRUE,"Property: Vandalism",43.0377727,-87.9121292
737202,"210770010","3/18/2021 1:15",2021,3,"7201 W SHERIDAN AV, Milwaukee, WI",NA,2,2,4,1800,41,53218,2533694.424,414063.05,0,0,0,1,0,0,0,0,0,0,TRUE,"Property: Vandalism",43.1183707,-88.0015302
751987,"211970068","7/15/2021 9:00",2021,7,"2146 N 46TH ST, Milwaukee, WI","PERSONAL WEAPON",15,11,3,9100,157,53208,2542194.447,391867.219,0,1,0,1,0,0,0,0,0,0,TRUE,"Violent: Assault",43.0581954,-87.971
771755,"213540068","12/20/2021 12:55",2021,12,"3475 N 6TH ST, Milwaukee, WI","HANDGUN",6,6,5,6800,120,53212,2556076.773,400146.845,0,0,0,0,0,0,1,0,0,0,TRUE,"Violent: Robbery",43.0799716,-87.918616
768643,"213270172","11/23/2021 20:15",2021,11,"2475 W NORTH AV, Milwaukee, WI","FIREARM",15,9,3,9900,149,53205,2549494.778,393306.113,0,0,0,0,0,0,1,0,0,0,TRUE,"Violent: Robbery",43.0603002,-87.9448283
732159,"210230148","1/23/2021 18:25",2021,1,"9503 W SILVER SPRING DR, Milwaukee, WI",NA,2,19,4,502,37,53225,2525714.453,414215.623,0,0,0,1,0,0,0,0,0,0,TRUE,"Property: Vandalism",43.1191939,-88.0311066
770042,"213400092","12/6/2021 13:00",2021,12,"4334 W VILLARD AV, Milwaukee, WI","FIREARM",1,2,4,2000,49,53218,2542996.808,411888.492,0,1,0,0,0,0,0,0,0,1,TRUE,"Violent: Assault",43.1122041,-87.9675401
750720,"211870220","7/5/2021 21:00",2021,7,"2430 N SHERMAN BL, Milwaukee, WI",NA,15,5,3,9100,156,53210,2543132.618,393836.706,0,0,1,0,0,0,0,0,0,0,TRUE,"Property: Burglary",43.063171986986,-87.967090964302
744226,"211370151","5/17/2021 17:45",2021,5,"3271 N RICHARDS ST, Milwaukee, WI","FIREARM",6,6,5,6900,122,53212,2559005.645,399737.217,0,1,0,1,0,0,0,0,0,0,TRUE,"Violent: Assault",43.0781307,-87.9079116
738846,"210930009","4/2/2021 23:25",2021,4,"837 S 19TH ST, Milwaukee, WI","HANDGUN",12,15,2,15800,228,53204,2551702.592,379598.095,0,0,0,0,0,0,1,0,0,0,TRUE,"Violent: Robbery",43.0219246,-87.9371419
761301,"212680063","9/25/2021 9:00",2021,9,"1541 W LOCUST ST, Milwaukee, WI",NA,15,4,5,8500,146,53206,2552498.33,397321.706,0,0,0,1,0,0,0,0,0,0,TRUE,"Property: Vandalism",43.0711864,-87.9323577
745642,"211490074","5/29/2021 11:00",2021,5,"3533 N 11TH ST, Milwaukee, WI","NONE",6,4,5,4500,116,53206,2554366.214,401287.944,0,1,0,0,0,0,0,0,0,0,TRUE,"Violent: Assault",43.0824672,-87.9250786
766201,"213070177","10/27/2021 8:00",2021,10,"5877 N TEUTONIA AV, Milwaukee, WI",NA,1,NA,4,1000,20,53209,2546903.485,416283.623,0,0,1,0,0,0,0,0,0,0,TRUE,"Property: Burglary",43.1244013,-87.9519355
749837,"211810017","6/30/2021 1:45",2021,6,"5822 W CARMEN AV, Milwaukee, WI","FIREARM",9,2,4,1200,23,53218,2537991.327,415618.793,0,0,0,0,0,0,1,0,0,0,TRUE,"Violent: Robbery",43.1227498,-87.9855699
753381,"212060191","7/25/2021 19:50",2021,7,"4635 W MEDFORD AV, Milwaukee, WI","HANDGUN",7,5,7,3800,100,53216,2542087.657,401721.056,0,1,0,0,0,0,0,0,0,0,TRUE,"Violent: Assault",43.0845206,-87.9713826
741643,"211170186","4/23/2021 17:30",2021,4,"3534 S CHASE AV, Milwaukee, WI",NA,14,NA,6,20600,294,53207,2559389.189,364561.087,0,0,0,1,0,0,0,0,0,0,TRUE,"Property: Vandalism",42.9802009,-87.9090959
770607,"213450041","12/11/2021 3:15",2021,12,"4739 N 35TH ST, Milwaukee, WI",NA,7,1,7,2600,64,53209,2545653.393,408527.116,0,0,0,1,0,0,0,0,0,0,TRUE,"Property: Vandalism",43.1034329,-87.9570385
767643,"213190153","11/15/2021 16:00",2021,11,"1006 S 14TH ST, Milwaukee, WI","FIREARM",12,16,2,15700,233,53204,2553731.333,379036.749,0,1,0,0,0,0,0,0,0,0,TRUE,"Violent: Assault",43.0209193,-87.9290885
764279,"212920011","10/19/2021 0:30",2021,10,"2843 N 26TH ST, Milwaukee, WI","PERSONAL WEAPON",15,9,5,8800,147,53206,2548790.718,396628.421,0,1,0,0,0,0,0,0,0,0,TRUE,"Violent: Assault",43.0706912,-87.9463826
745016,"211440085","5/21/2021 19:30",2021,5,"1555 N 8TH ST, Milwaukee, WI","HANDGUN",6,13,5,14100,176,53205,2555530.748,389751.49,0,0,0,0,0,0,1,0,0,0,TRUE,"Violent: Robbery",43.0509994,-87.9216109
738283,"210870118","3/28/2021 15:30",2021,3,"4622 W SCRANTON PL, Milwaukee, WI","PERSONAL WEAPON",7,5,7,3800,100,53216,2542060.303,401134.529,0,1,0,0,0,0,0,0,0,0,TRUE,"Violent: Assault",43.0831181,-87.970752
755287,"212210025","8/9/2021 2:00",2021,8,"1611 W CANAL ST, Milwaukee, WI","PERSONAL WEAPON",8,NA,3,186800,227,53233,2552647.24,382766.433,0,1,0,0,0,0,0,0,0,0,TRUE,"Violent: Assault",43.03081,-87.9338908
753390,"212060207","7/24/2021 21:30",2021,7,"2624 W VINE ST, Milwaukee, WI",NA,15,12,3,185800,173,53205,2548862.808,391222.592,0,0,0,1,0,0,0,0,0,0,TRUE,"Property: Vandalism",43.0549817,-87.9469996
741455,"211160073","4/26/2021 8:00",2021,4,"8869 W APPLETON AV, Milwaukee, WI","PERSONAL WEAPON",5,NA,7,1700,36,53225,2527996.181,410866.472,0,1,0,0,0,0,0,0,0,0,TRUE,"Violent: Assault",43.1098855,-88.0238224
734258,"210470051","2/7/2021 0:00",2021,2,"7330 W GOOD HOPE RD, Milwaukee, WI",NA,9,NA,4,700,13,53223,2534929.438,425051.66,0,0,1,0,0,0,0,0,1,0,TRUE,"Property: Burglary",43.1502165,-88.0019991
731168,"210150017","1/15/2021 1:00",2021,1,"5000 W CHAMBERS ST, Milwaukee, WI","PERSONAL WEAPON",7,5,7,4900,97,53210,2540752.441,397796.247,0,1,0,0,0,0,0,0,0,0,TRUE,"Violent: Assault",43.0741653,-87.976348
738009,"210840141","3/25/2021 17:00",2021,3,"10628 W BOBOLINK AV, Milwaukee, WI",NA,5,19,4,303,33,53225,2522488.141,416222.476,0,1,0,0,0,0,0,0,0,0,TRUE,"Violent: Assault",43.1252075,-88.0448118
772349,"213600075","12/26/2021 12:30",2021,12,"7123 N TEUTONIA AV, Milwaukee, WI",NA,1,NA,4,900,18,53209,2545613.635,423990.156,0,0,1,0,0,0,0,0,0,0,TRUE,"Property: Burglary",43.1469933,-87.9566834
759950,"212570035","9/14/2021 5:05",2021,9,"2549 S KINNICKINNIC AV, Milwaukee, WI",NA,14,NA,6,17900,248,53207,2561602.644,371009.175,0,0,1,0,0,0,0,0,0,0,TRUE,"Property: Burglary",42.9983512,-87.9008692
734825,"210530100","2/19/2021 17:30",2021,2,"7606 W GRANTOSA DR, Milwaukee, WI",NA,2,NA,7,1700,39,53218,2532423.349,411072.212,0,0,1,0,0,0,0,0,0,0,TRUE,"Property: Burglary",43.1106702,-88.0065496
744110,"211360169","5/15/2021 6:41",2021,5,"2850 N 17TH ST, Milwaukee, WI","HANDGUN,FIREARM",15,10,5,8600,146,53206,2551917.692,396657.877,0,1,0,0,0,0,0,0,0,0,TRUE,"Violent: Assault",43.0706969,-87.9341514
770394,"213430103","12/8/2021 20:00",2021,12,"823 N 2ND ST, Milwaukee, WI",NA,4,NA,1,186300,188,53203,2557900.358,386073.875,0,0,0,1,0,0,0,0,0,0,TRUE,"Property: Vandalism",43.0407707,-87.9131998
762175,"212740196","10/1/2021 20:30",2021,10,"2351 N 15TH ST, Milwaukee, WI","HANDGUN",15,10,3,185500,148,53206,2552797.543,393340.837,0,1,0,0,1,0,0,0,0,0,TRUE,"Violent: Assault",43.0615653,-87.9316641
761651,"212700211","9/26/2021 11:00",2021,9,"2760 N 56TH ST, Milwaukee, WI",NA,10,5,7,5900,163,53210,2538870.186,395763.393,0,0,0,1,0,0,0,0,0,0,TRUE,"Property: Vandalism",43.0693705,-87.9828338
739492,"210980178","4/8/2021 22:22",2021,4,"9200 W WISCONSIN AV, Milwaukee, WI","NONE",10,NA,3,12800,210,53226,2527343.291,384681.44,0,1,0,0,0,0,0,0,0,0,TRUE,"Violent: Assault",43.0413956,-88.0245562
756048,"212260104","8/13/2021 22:00",2021,8,"2105 N SUMMIT AV, Milwaukee, WI",NA,3,NA,1,187000,135,53202,2565287.807,392510.152,0,0,1,0,0,0,0,0,0,0,TRUE,"Property: Burglary",43.0575934,-87.8848351
745951,"211510229","5/31/2021 22:30",2021,5,"3300 N VEL R PHILLIPS AV, Milwaukee, WI","HANDGUN",6,6,5,6900,120,53212,2556973.044,400156.215,0,1,0,0,0,0,0,0,0,0,TRUE,"Violent: Assault",43.078962,-87.915066
765933,"213050126","10/29/2021 15:45",2021,10,"260 W SEEBOTH ST, Milwaukee, WI",NA,12,NA,1,187400,235,53204,2558120.797,382532.46,0,0,1,0,0,0,0,0,0,0,TRUE,"Property: Burglary",43.0320376,-87.9140069
744966,"211440009","5/18/2021 21:00",2021,5,"4719 N 18TH ST, Milwaukee, WI",NA,1,3,7,2300,58,53209,2552000.766,408664.518,0,0,1,0,0,0,0,0,0,1,TRUE,"Property: Burglary",43.1029955,-87.9332996
744159,"211370041","5/17/2021 3:00",2021,5,"3361 N 26TH ST, Milwaukee, WI",NA,7,4,5,6500,106,53206,2548752.909,400056.983,0,0,0,1,0,0,0,0,0,0,TRUE,"Property: Vandalism",43.0804647,-87.9461954
746646,"211570178","6/6/2021 20:15",2021,6,"741 S LAYTON BL, Milwaukee, WI","UNKNOWN",8,15,2,15900,227,53215,2548752.174,380021.66,0,0,0,0,0,0,1,0,0,0,TRUE,"Violent: Robbery",43.023468874398,-87.947952118335
748922,"211730130","6/22/2021 15:09",2021,6,"9030 N 97TH ST, Milwaukee, WI","HANDGUN",9,18,4,201,1,53224,2524721.622,437180.267,0,1,0,0,0,0,0,0,0,0,TRUE,"Violent: Assault",43.1829835,-88.0325672
763577,"212850203","10/12/2021 21:20",2021,10,"5416 N 55TH ST, Milwaukee, WI","HANDGUN",1,2,4,1900,48,53218,2539012.398,413143.362,0,1,0,0,0,0,0,0,0,0,TRUE,"Violent: Assault",43.116135,-87.9809485
740949,"211120029","4/22/2021 5:00",2021,4,"1416 E NORTH AV, Milwaukee, WI","HANDGUN",3,NA,1,7700,136,53202,2562857.378,393497.352,0,0,0,0,0,0,1,0,0,0,TRUE,"Violent: Robbery",43.0602428,-87.892589
731749,"210200015","1/19/2021 11:30",2021,1,"5326 N 38TH ST, Milwaukee, WI",NA,1,2,4,2100,52,53209,2544682.31,412593.261,0,1,0,0,0,0,0,0,0,0,TRUE,"Violent: Assault",43.1144232,-87.9597389
771162,"213490095","12/15/2021 0:15",2021,12,"5832 W VILLARD AV, Milwaukee, WI",NA,2,2,4,1900,45,53218,2538046.451,411792.563,0,0,1,0,0,0,0,0,0,0,TRUE,"Property: Burglary",43.1121166,-87.9852636
759616,"212540072","9/11/2021 11:30",2021,9,"1249 N 34TH ST, Milwaukee, WI",NA,4,14,3,12200,200,53208,2546238.794,387876.984,0,1,0,0,0,0,0,0,0,0,TRUE,"Violent: Assault",43.0470303,-87.9567383
765898,"213050070","10/31/2021 22:30",2021,10,"2545 S BRISBANE AV, Milwaukee, WI",NA,14,NA,6,17900,248,53207,2560161.16,371226.201,0,0,0,1,0,0,0,0,0,0,TRUE,"Property: Vandalism",42.9981581,-87.9062452
731417,"210170043","1/17/2021 5:12",2021,1,"2465 W FOND DU LAC AV, Milwaukee, WI",NA,15,9,3,8800,149,53206,2549452.957,394744.93,0,0,1,0,0,0,0,0,0,0,TRUE,"Property: Burglary",43.064769,-87.9442921
738564,"210900081","3/31/2021 9:04",2021,3,"5439 N 40TH ST, Milwaukee, WI","HANDGUN",1,2,4,2000,52,53209,2544037.669,413244.878,0,1,0,0,0,0,0,0,0,0,TRUE,"Violent: Assault",43.1164976,-87.9626782
772571,"213620094","12/28/2021 12:45",2021,12,"4471 N 27TH ST, Milwaukee, WI","PERSONAL WEAPON",1,4,5,4200,61,53209,2548356.386,406789.647,0,1,0,0,0,0,1,0,0,0,TRUE,"Violent: Assault",43.0988552,-87.9471105
761434,"212690082","9/26/2021 9:00",2021,9,"5541 N TEUTONIA AV, Milwaukee, WI",NA,1,3,4,2100,53,53209,2547218.61,413953.246,0,1,0,0,0,0,0,0,0,0,TRUE,"Violent: Assault",43.1182613,-87.9507967
730496,"210090022","1/9/2021 2:18",2021,1,"3334 W HIGHLAND BL, Milwaukee, WI",NA,4,14,3,13600,199,53208,2546593.218,387396.081,1,0,0,0,0,0,0,0,0,0,TRUE,"Property: Arson",43.044978018405,-87.956406971419
756681,"212310014","8/19/2021 1:06",2021,8,"7401 W GOOD HOPE RD, Milwaukee, WI",NA,9,NA,4,600,13,53223,2534929.438,425051.66,0,0,0,1,0,1,0,0,0,0,TRUE,"Property: Vandalism",43.1469187,-88.0025038
736720,"210710179","3/11/2021 21:30",2021,3,"4020 W LISBON AV, Milwaukee, WI",NA,15,11,3,9600,156,53208,2544263.872,391400.64,0,0,1,0,0,0,0,0,0,0,TRUE,"Property: Burglary",43.0562343,-87.964069
738259,"210870085","3/28/2021 11:00",2021,3,"3717 W GALENA ST, Milwaukee, WI",NA,15,11,3,9600,169,53208,2545254.332,389901.651,0,0,0,1,0,0,0,0,0,0,TRUE,"Property: Vandalism",43.051322,-87.9601951
772880,"213650068","12/29/2021 0:01",2021,12,"5121 N 24TH ST, Milwaukee, WI",NA,1,3,7,2300,56,53209,2549651.121,411377.851,0,0,1,0,0,0,0,0,0,0,TRUE,"Property: Burglary",43.1106331,-87.9418138
768406,"213250190","11/21/2021 22:58",2021,11,"2903 W MICHIGAN ST, Milwaukee, WI","LETHAL CUTTING INSTRUMENT",4,14,3,13400,196,53208,2547939.541,384865.847,0,0,0,0,0,0,1,0,0,0,TRUE,"Violent: Robbery",43.0373637,-87.9506533
759086,"212490108","9/6/2021 13:50",2021,9,"2306 W ROOSEVELT DR, Milwaukee, WI","OTHER",1,4,5,4300,61,53209,2549958.124,406225.029,0,1,0,0,0,0,0,0,0,0,TRUE,"Violent: Assault",43.0961432,-87.9411865
744302,"211380074","5/18/2021 11:06",2021,5,"5615 W HAMPTON AV, Milwaukee, WI",NA,7,NA,7,3100,68,53218,2538740.755,409130.943,0,1,0,0,0,0,0,0,0,0,TRUE,"Violent: Assault",43.1045079,-87.9830425
744767,"211420042","5/22/2021 7:16",2021,5,"5860 N TEUTONIA AV, Milwaukee, WI",NA,1,NA,4,1000,20,53209,2546903.485,416283.623,0,1,0,1,0,0,0,0,0,0,TRUE,"Violent: Assault",43.1240765,-87.951083
767206,"213150134","11/11/2021 16:00",2021,11,"4166 N 47TH ST, Milwaukee, WI",NA,7,1,7,4000,66,53216,2541598.76,404452.977,0,1,0,0,0,0,0,0,0,0,TRUE,"Violent: Assault",43.0931262,-87.9720465
748523,"211700201","6/19/2021 21:00",2021,6,"1315 W CONCORDIA AV, Milwaukee, WI","PERSONAL WEAPON",6,4,5,6800,113,53206,2553717.153,400115.785,0,1,0,0,0,0,0,0,0,0,TRUE,"Violent: Assault",43.0787541,-87.9279405
751660,"211950041","7/14/2021 1:30",2021,7,"5065 N HOPKINS ST, Milwaukee, WI",NA,1,2,7,2500,51,53209,2544312.388,410577.185,0,1,0,1,0,0,0,0,1,0,TRUE,"Violent: Assault",43.1095921,-87.9627668
749680,"211790144","6/28/2021 12:00",2021,6,"2425 N 38TH ST, Milwaukee, WI",NA,15,5,3,9000,155,53210,2544861.06,393879.426,0,1,0,0,0,0,0,0,0,0,TRUE,"Violent: Assault",43.0630656,-87.9613406
733076,"210340006","2/3/2021 0:05",2021,2,"5402 N 36TH ST, Milwaukee, WI","PERSONAL WEAPON",1,2,4,2100,52,53209,2545319.067,413269.982,0,1,0,0,0,0,0,0,0,0,TRUE,"Violent: Assault",43.1157374,-87.9573201
768968,"213300184","11/26/2021 19:45",2021,11,"4220 W BURLEIGH ST, Milwaukee, WI",NA,7,5,7,4800,103,53210,2543548.821,398497.007,0,1,0,0,0,0,0,0,0,0,TRUE,"Violent: Assault",43.0753969,-87.9663139
738874,"210930068","4/2/2021 18:00",2021,4,"1634 S 30TH ST, Milwaukee, WI",NA,8,15,2,17000,221,53215,2547839.381,376333.583,0,0,0,1,0,0,0,0,0,0,TRUE,"Property: Vandalism",43.0133421,-87.9513489
738339,"210880063","3/22/2021 15:00",2021,3,"5372 N 37TH ST, Milwaukee, WI",NA,1,2,4,2100,52,53209,2545004.042,412599.092,0,0,1,0,0,0,0,0,0,0,TRUE,"Property: Burglary",43.1150609,-87.958686
753141,"212050042","7/23/2021 21:00",2021,7,"3065 N NEWHALL ST, Milwaukee, WI",NA,3,NA,1,7800,128,53211,2563667.65,398141.779,0,0,0,1,0,0,0,0,0,0,TRUE,"Property: Vandalism",43.0742838,-87.8905625
763981,"212890025","10/16/2021 1:40",2021,10,"5601 S 13TH ST, Milwaukee, WI",NA,13,NA,6,21700,314,53221,2554384.333,351208.719,1,0,0,0,0,0,0,0,0,0,TRUE,"Property: Arson",42.9430026,-87.9298072
754701,"212160097","7/31/2021 10:30",2021,7,"1301 W CANAL ST, Milwaukee, WI",NA,12,NA,3,186800,234,53233,2554775.378,382800.551,0,0,0,1,0,0,0,0,0,0,TRUE,"Property: Vandalism",43.0311275,-87.9288288
742711,"211250179","5/5/2021 15:30",2021,5,"3026 E NEWPORT CT, Milwaukee, WI",NA,3,NA,1,7400,131,53211,2568382.652,400466.348,0,0,0,1,0,0,0,0,0,0,TRUE,"Property: Vandalism",43.0790116,-87.8714947
739047,"210940200","4/4/2021 18:30",2021,4,"4409 N 28TH ST, Milwaukee, WI",NA,1,4,5,4200,63,53209,2548018.949,406619.079,0,0,0,1,0,0,0,0,0,0,TRUE,"Property: Vandalism",43.0974527,-87.9483758
737012,"210740161","3/15/2021 20:40",2021,3,"7576 W SHERIDAN AV, Milwaukee, WI","LETHAL CUTTING INSTRUMENT",2,2,4,1800,41,53218,2532989.487,413736.097,0,0,0,0,0,0,1,0,0,0,TRUE,"Violent: Robbery",43.1187989,-88.0046375
752074,"211970185","7/14/2021 21:30",2021,7,"2633 W NORTH AV, Milwaukee, WI","PERSONAL WEAPON",15,9,3,9900,149,53205,2548835.023,393299.823,0,1,0,0,0,0,0,0,0,0,TRUE,"Violent: Assault",43.0605103,-87.9467295
766435,"213090187","11/4/2021 13:10",2021,11,"4200 S 54TH ST, Milwaukee, WI","PERSONAL WEAPON",11,NA,6,19900,278,53220,2539922.154,359817.699,0,1,0,0,0,0,0,0,0,0,TRUE,"Violent: Assault",42.9687016,-87.9821987
756022,"212260070","8/14/2021 9:43",2021,8,"1406 N 23RD ST, Milwaukee, WI","FIREARM",15,12,3,186100,172,53205,2550216.197,389036.301,0,1,0,0,0,0,0,0,0,0,TRUE,"Violent: Assault",43.048827,-87.9411959
744940,"211430146","5/15/2021 16:01",2021,5,"5724 N 96TH ST, Milwaukee, WI",NA,2,19,4,502,31,53225,2525391.843,414877.325,0,0,0,1,0,0,0,0,0,0,TRUE,"Property: Vandalism",43.1219384,-88.0317614
733451,"210380030","2/7/2021 3:15",2021,2,"5710 N 69TH ST, Milwaukee, WI","PERSONAL WEAPON",2,2,4,1300,25,53218,2534678.353,415101.873,0,1,0,0,0,0,0,0,0,0,TRUE,"Violent: Assault",43.1217216,-87.996979
766190,"213070156","11/3/2021 16:55",2021,11,"8525 W HAMPTON AV, Milwaukee, WI",NA,5,NA,7,3300,78,53225,2529139.177,409009.203,0,1,0,0,0,0,0,0,0,0,TRUE,"Violent: Assault",43.1047364,-88.0194172
758947,"212480070","9/4/2021 20:30",2021,9,"1900 W LAYTON AV, Milwaukee, WI",NA,13,NA,6,21400,308,53221,2552907.518,356472.847,0,0,0,1,0,0,0,0,0,0,TRUE,"Property: Vandalism",42.9596898,-87.9376581
745031,"211440112","5/24/2021 9:00",2021,5,"1044 N OLD WORLD THIRD ST, Milwaukee, WI",NA,4,NA,1,186300,189,53203,2557489.57,387073.646,0,0,1,0,0,0,0,0,0,0,TRUE,"Property: Burglary",43.0439433,-87.9142987
763034,"212810127","10/7/2021 2:09",2021,10,"1407 S 1ST ST, Milwaukee, WI",NA,12,16,2,16500,240,53204,2558592.354,377671.281,0,0,1,0,0,0,0,0,0,0,TRUE,"Property: Burglary",43.0167293,-87.9114358
760700,"212630088","9/19/2021 17:00",2021,9,"1621 N 23RD ST, Milwaukee, WI","HANDGUN",15,12,3,185800,173,53205,2550201.94,389980.834,0,1,0,0,0,0,0,0,0,0,TRUE,"Violent: Assault",43.0519339,-87.9416944
741648,"211170196","4/27/2021 19:45",2021,4,"4320 W EGGERT PL, Milwaukee, WI","PERSONAL WEAPON",1,2,7,2800,50,53218,2543001.807,411498.497,0,1,0,0,0,0,0,0,0,0,TRUE,"Violent: Assault",43.1111024,-87.9672341
768914,"213300098","11/25/2021 23:00",2021,11,"1014 S CESAR E CHAVEZ DR, Milwaukee, WI",NA,12,16,2,15700,228,53204,2552736.035,379020.985,0,0,1,0,0,0,0,0,0,0,TRUE,"Property: Burglary",43.0208071,-87.9327541
744043,"211360057","5/15/2021 22:30",2021,5,"10021 W GOOD HOPE RD, Milwaukee, WI",NA,5,NA,4,304,8,53224,2524342.673,424745.25,0,0,1,0,0,0,0,0,0,0,TRUE,"Property: Burglary",43.1477986,-88.0370385
746396,"211550170","6/4/2021 18:30",2021,6,"8209 W KIEHNAU AV, Milwaukee, WI",NA,9,NA,4,600,11,53223,2530671.197,421416.908,0,1,0,0,0,0,0,0,0,0,TRUE,"Violent: Assault",43.1384046,-88.0131164
735678,"210610122","3/2/2021 16:00",2021,3,"3021 N 46TH ST, Milwaukee, WI",NA,7,5,7,4900,103,53210,2542082.64,397812.557,0,1,0,1,0,0,0,0,0,0,TRUE,"Violent: Assault",43.0739269,-87.9714288
736954,"210740038","3/15/2021 8:14",2021,3,"700 W HISTORIC MITCHELL ST, Milwaukee, WI","PERSONAL WEAPON",12,16,2,16700,237,53204,2556324.776,375881.015,0,0,0,0,0,0,1,0,0,0,TRUE,"Violent: Robbery",43.012383,-87.92004
730575,"210090132","1/9/2021 17:50",2021,1,"930 N 27TH ST, Milwaukee, WI","HANDGUN",4,14,3,13700,195,53208,2548621.346,386390.229,0,1,0,0,0,0,0,0,0,0,TRUE,"Violent: Assault",43.0425444,-87.9473089
772937,"213650161","12/31/2021 22:20",2021,12,"7219 W CARMEN AV, Milwaukee, WI","HANDGUN",2,2,4,1300,26,53218,2533672.957,415749.42,0,1,0,0,0,0,0,0,0,0,TRUE,"Violent: Assault",43.1229575,-88.0016809
737394,"210790028","3/17/2021 2:20",2021,3,"3127 N 27TH ST, Milwaukee, WI","NONE",7,4,5,6300,106,53216,2548429.691,398629.431,0,1,0,0,0,0,0,0,0,0,TRUE,"Violent: Assault",43.075766,-87.9473916
769431,"213340181","11/30/2021 22:00",2021,11,"2649 N PROSPECT AV, Milwaukee, WI","PERSONAL WEAPON",3,NA,1,7600,133,53211,2566336.933,395741.907,0,1,0,0,0,0,0,0,0,0,TRUE,"Violent: Assault",43.0667096,-87.8806588
734558,"210500143","2/19/2021 22:00",2021,2,"4925 N 55TH ST, Milwaukee, WI","FIREARM",7,NA,7,2900,46,53218,2539070.832,409136.58,0,1,0,0,0,0,0,0,0,0,TRUE,"Violent: Assault",43.1071223,-87.9816343
732529,"210270159","1/26/2021 12:00",2021,1,"3703 N 98TH ST, Milwaukee, WI","PERSONAL WEAPON",5,NA,7,5500,81,53222,2524802.778,401303.471,0,1,0,0,0,0,0,0,0,0,TRUE,"Violent: Assault",43.0843418,-88.0357809
736334,"210680024","3/9/2021 2:00",2021,3,"3816 N 22ND ST, Milwaukee, WI","NONE",6,4,5,4700,108,53206,2550387.316,402626.869,0,1,0,0,0,0,0,0,0,0,TRUE,"Violent: Assault",43.0864642,-87.9393399
756881,"212320118","8/16/2021 19:00",2021,8,"6110 W SPOKANE ST, Milwaukee, WI",NA,9,NA,4,600,13,53223,2537233.933,423268.479,0,0,1,0,0,0,0,0,0,0,TRUE,"Property: Burglary",43.1437335,-87.9874059
758879,"212470130","9/4/2021 15:45",2021,9,"4108 N 50TH ST, Milwaukee, WI","BLUNT OBJECT",7,1,7,4000,69,53216,2540660.912,404438.503,0,0,0,0,0,0,1,0,0,0,TRUE,"Violent: Robbery",43.0919732,-87.9756168
768431,"213260041","11/21/2021 20:00",2021,11,"3143 N 2ND ST, Milwaukee, WI",NA,6,6,5,7000,122,53212,2557683.507,398696.769,0,0,0,1,0,0,0,0,0,0,TRUE,"Property: Vandalism",43.0758134,-87.9128756
737619,"210810053","3/22/2021 1:05",2021,3,"6201 W RICHMOND AV, Milwaukee, WI",NA,10,5,7,5900,164,53210,2537139.171,396731.39,0,0,1,0,0,0,0,0,0,0,TRUE,"Property: Burglary",43.0706353,-87.9899026
748220,"211680132","6/10/2021 10:31",2021,6,"949 N 9TH ST, Milwaukee, WI",NA,4,NA,1,186300,188,53233,2555205.049,386955.7,0,1,0,0,0,0,0,0,0,0,TRUE,"Violent: Assault",43.0426528,-87.9238506
753646,"212080153","7/27/2021 16:57",2021,7,"2223 W FOREST HOME AV, Milwaukee, WI","NONE",8,17,2,17400,224,53215,2550519.234,372972.648,0,0,0,0,0,0,1,0,0,0,TRUE,"Violent: Robbery",43.0042154,-87.9421544
750117,"211830087","7/2/2021 8:30",2021,7,"1363 N 40TH ST, Milwaukee, WI","LETHAL CUTTING INSTRUMENT",15,14,3,12300,201,53208,2544328.685,388295.611,0,0,0,0,0,0,1,0,0,0,TRUE,"Violent: Robbery",43.0485427,-87.9638426
771379,"213510056","12/15/2021 15:00",2021,12,"414 W CLYBOURN ST, Milwaukee, WI",NA,4,NA,1,186300,187,53203,2557139.992,384545.11,0,0,0,1,0,0,0,0,0,0,TRUE,"Property: Vandalism",43.0360944,-87.9163419
743290,"211300080","5/9/2021 3:00",2021,5,"3437 N RICHARDS ST, Milwaukee, WI",NA,6,6,5,6900,120,53212,2559002.974,400714.918,0,0,0,1,0,0,0,0,0,0,TRUE,"Property: Vandalism",43.081082,-87.9077649
762885,"212800084","10/7/2021 12:18",2021,10,"1400 E BRADY ST, Milwaukee, WI","PERSONAL WEAPON,OTHER",3,NA,1,10800,179,53202,2562934.129,390863.82,0,0,0,0,0,0,1,0,0,0,TRUE,"Violent: Robbery",43.0531424,-87.8934752
766705,"213110183","11/7/2021 18:29",2021,11,"3222 W MC KINLEY BL, Milwaukee, WI","HANDGUN",4,14,3,12200,200,53208,2546990.717,388402.42,0,0,0,0,0,0,1,0,0,0,TRUE,"Violent: Robbery",43.047588981245,-87.954391961896
766763,"213120054","11/8/2021 8:21",2021,11,"2914 W LISBON AV, Milwaukee, WI","FIREARM",15,11,3,9700,170,53208,2547902.522,390795.85,0,1,0,0,0,0,0,0,0,0,TRUE,"Violent: Assault",43.0538948,-87.9502356
734563,"210510002","2/19/2021 23:40",2021,2,"10217 W HAMPTON AV, Milwaukee, WI","FIREARM",5,NA,4,501,36,53225,2524061.394,408861.651,0,0,0,1,0,0,0,0,0,0,TRUE,"Property: Vandalism",43.10462,-88.0403072
771937,"213560014","12/22/2021 2:36",2021,12,"1300 N VEL R PHILLIPS AV, Milwaukee, WI","PERSONAL WEAPON",6,13,1,14100,176,53212,2557080.512,388555.807,0,1,0,0,0,0,0,0,0,0,TRUE,"Violent: Assault",43.0474663,-87.9154612
768122,"213230142","11/18/2021 22:00",2021,11,"5277 N 29TH ST, Milwaukee, WI","PERSONAL WEAPON",1,3,4,2100,55,53209,2547657.92,411959.109,0,1,0,0,0,0,0,0,0,0,TRUE,"Violent: Assault",43.1135484,-87.9491471
745455,"211470136","5/9/2021 16:00",2021,5,"1315 E RANDOLPH CT, Milwaukee, WI",NA,3,NA,5,7200,126,53212,2561993.099,400959.977,1,0,0,0,0,1,0,0,0,0,TRUE,"Property: Arson",43.0807189,-87.8941588
735461,"210590079","2/28/2021 10:52",2021,2,"1448 N 28TH ST, Milwaukee, WI","PERSONAL WEAPON",15,11,3,12200,172,53208,2548253.435,388935.427,0,1,0,0,0,0,0,0,0,0,TRUE,"Violent: Assault",43.0497428,-87.9485979
750531,"211860172","7/5/2021 16:11",2021,7,"3246 N 24TH PL, Milwaukee, WI","PERSONAL WEAPON",7,4,5,6500,110,53206,2549417.291,399284.337,0,1,0,0,0,0,0,0,0,0,TRUE,"Violent: Assault",43.0779629,-87.9433767
734942,"210540160","2/21/2021 16:00",2021,2,"2822 N 50TH ST, Milwaukee, WI",NA,7,5,7,6000,161,53210,2540765.508,396454.197,0,0,1,1,0,0,0,0,0,0,TRUE,"Property: Burglary",43.0703698,-87.9758563
747085,"211600241","6/9/2021 22:10",2021,6,"9316 W BIRCH AV, Milwaukee, WI","FIREARM",2,19,4,502,37,53225,2526718.272,413596.711,0,1,0,0,0,0,0,0,0,0,TRUE,"Violent: Assault",43.117918,-88.0289884
735180,"210570006","2/25/2021 22:24",2021,2,"3645 S CHASE AV, Milwaukee, WI",NA,13,NA,6,18500,293,53207,2559402.777,363894.019,0,0,0,1,0,0,0,0,0,0,TRUE,"Property: Vandalism",42.9783015,-87.9098897
746182,"211530148","6/1/2021 23:00",2021,6,"5107 N 21ST ST, Milwaukee, WI","FIREARM,HANDGUN",1,3,7,2300,56,53209,2550584.133,411035.128,0,1,0,0,0,0,0,0,0,0,TRUE,"Violent: Assault",43.1102854,-87.9382779
740141,"211050003","4/14/2021 21:00",2021,4,"4122 W LISBON AV, Milwaukee, WI","PERSONAL WEAPON",15,11,3,9100,156,53208,2543853.005,391675.402,0,1,0,0,0,0,0,0,0,0,TRUE,"Violent: Assault",43.0568729,-87.965246
772758,"213640064","12/29/2021 18:00",2021,12,"2718 S BURRELL ST, Milwaukee, WI",NA,14,NA,6,18400,247,53207,2559620.629,369728.513,0,0,0,1,0,0,0,0,0,0,TRUE,"Property: Vandalism",42.994749,-87.9079184
744840,"211420154","5/22/2021 19:25",2021,5,"655 W REV CECIL A FISHER LN #, Milwaukee, WI","FIREARM",NA,NA,NA,NA,NA,NA,NA,NA,0,1,0,0,0,0,0,0,0,0,TRUE,"Violent: Assault",43.050604999555,-87.919751986824
757770,"212390053","8/27/2021 0:35",2021,8,"2012 W CAPITOL DR, Milwaukee, WI",NA,1,4,5,4300,60,53206,2551034.784,403932.44,0,0,1,0,0,0,0,0,0,0,TRUE,"Property: Burglary",43.0899336,-87.9377734
754006,"212110122","7/29/2021 21:05",2021,7,"4000 W CAPITOL DR, Milwaukee, WI",NA,7,5,7,4100,65,53216,2544095.598,403845.232,0,0,0,1,0,0,0,0,0,0,TRUE,"Property: Vandalism",43.0901135,-87.9632796
740499,"211080055","4/17/2021 22:00",2021,4,"3016 W SHERIDAN AV, Milwaukee, WI","LETHAL CUTTING INSTRUMENT",1,2,4,2100,53,53209,2547218.61,413953.246,0,1,0,0,0,0,0,0,0,0,TRUE,"Violent: Assault",43.1175462,-87.951146
772313,"213600007","12/26/2021 0:34",2021,12,"6873 N 41ST ST, Milwaukee, WI","PERSONAL WEAPON",1,NA,4,900,19,53209,2543585.212,422981.31,0,1,0,0,0,0,0,0,0,0,TRUE,"Violent: Assault",43.142971,-87.9634997
731160,"210150003","1/14/2021 18:00",2021,1,"2201 S 13TH ST, Milwaukee, WI",NA,12,17,2,17500,255,53215,2554115.077,373035.302,0,0,0,1,0,0,0,0,0,0,TRUE,"Property: Vandalism",43.0044838,-87.9286885
769606,"213360120","12/1/2021 20:00",2021,12,"2515 N 2ND ST, Milwaukee, WI",NA,6,6,5,185700,141,53212,2557796.525,394734.994,0,0,0,1,0,0,0,0,1,0,TRUE,"Property: Vandalism",43.0642742,-87.9129661
755033,"212190012","8/7/2021 0:43",2021,8,"959 W LINCOLN AV, Milwaukee, WI",NA,12,17,2,17600,250,53215,2555409.124,372409.264,0,0,0,1,0,0,0,0,1,0,TRUE,"Property: Vandalism",43.0024938,-87.9240629
743641,"211330032","5/12/2021 18:00",2021,5,"7623 N 76TH ST, Milwaukee, WI",NA,9,NA,4,102,5,53223,2532312.083,427708.578,0,0,0,1,0,0,0,0,0,0,TRUE,"Property: Vandalism",43.156661,-88.0054568
752740,"212020069","7/20/2021 23:00",2021,7,"9852 W FOND DU LAC AV, Milwaukee, WI",NA,5,19,4,302,8,53224,2524635.907,419985.566,0,0,0,1,0,0,0,0,0,0,TRUE,"Property: Vandalism",43.1361945,-88.034903
763510,"212850080","8/27/2021 14:30",2021,8,"1300 W LINCOLN AV, Milwaukee, WI",NA,12,17,2,17500,255,53215,2554112.133,372383.125,0,1,0,0,0,0,0,0,0,0,TRUE,"Violent: Assault",43.0031798,-87.9288667
769853,"213380163","12/4/2021 20:50",2021,12,"8569 N GRANVILLE RD, Milwaukee, WI",NA,9,NA,4,202,7,53224,2522934.079,433460.544,0,1,0,0,0,0,0,0,0,0,TRUE,"Violent: Assault",43.1736404,-88.0413657
790656,"221670080","6/15/2022 12:00",2022,6,"250 W CENTER ST, Milwaukee, WI","PERSONAL WEAPON",6,6,5,185700,141,53212,2557774.452,396058.464,0,0,0,0,0,0,1,0,0,0,TRUE,"Violent: Robbery",43.0676326,-87.9133228
776647,"220340144","2/3/2022 8:00",2022,2,"2927 N 24TH ST, Milwaukee, WI",NA,7,4,5,6400,111,53206,2549771.442,397301.277,0,0,1,0,0,0,0,0,0,0,TRUE,"Property: Burglary",43.0721379,-87.9426115
776727,"220350108","2/4/2022 0:00",2022,2,"6132 W CAPITOL DR, Milwaukee, WI","PERSONAL WEAPON",2,NA,7,3600,70,53216,2537366.198,403733.348,0,1,0,0,0,0,1,0,0,0,TRUE,"Violent: Assault",43.0903211,-87.9891081
806770,"223230144","11/19/2022 19:30",2022,11,"1030 N 6TH ST, Milwaukee, WI",NA,4,NA,1,186300,189,53203,2556298.827,387048.339,0,0,0,1,0,1,0,0,0,0,TRUE,"Property: Vandalism",43.043967,-87.9184501
777652,"220440134","2/13/2022 11:00",2022,2,"11947 W APPLETON AV, Milwaukee, WI","FIREARM",5,NA,4,301,33,53224,2517822.704,420571.169,0,1,0,0,0,0,0,0,0,0,TRUE,"Violent: Assault",43.136261,-88.0613769
788978,"221520062","6/1/2022 11:00",2022,6,"131 W KEEFE AV, Milwaukee, WI",NA,6,6,5,6900,120,53212,2558057.441,401361.38,0,1,0,0,0,0,0,0,0,0,TRUE,"Violent: Assault",43.0819081,-87.9117768
779601,"220640149","3/5/2022 19:35",2022,3,"1135 N WATER ST, Milwaukee, WI","PERSONAL WEAPON",4,NA,1,14400,185,53202,2558421.156,387704.737,0,1,0,0,0,0,0,0,0,0,TRUE,"Violent: Assault",43.0454735,-87.9115155
796555,"222190085","8/6/2022 21:00",2022,8,"7224 N 76TH ST, Milwaukee, WI",NA,9,NA,4,700,13,53223,2532271.816,425032.229,0,0,0,1,0,1,0,0,0,0,TRUE,"Property: Vandalism",43.149223,-88.0055596
802104,"222730088","9/30/2022 1:00",2022,9,"5804 W SILVER SPRING DR, Milwaukee, WI","PERSONAL WEAPON,FIREARM",9,2,4,1200,23,53218,2538214.79,414459.071,0,0,0,0,0,0,1,0,0,0,TRUE,"Violent: Robbery",43.1196039,-87.9852199
787732,"221400181","5/20/2022 19:00",2022,5,"5276 N 84TH ST, Milwaukee, WI","OTHER",2,NA,4,1600,40,53225,2529809.124,411669.992,0,1,0,0,0,0,0,0,0,0,TRUE,"Violent: Assault",43.1138449,-88.0153494
781133,"220800031","3/20/2022 21:00",2022,3,"3825 W GREEN TREE RD, Milwaukee, WI",NA,1,NA,4,900,19,53209,2544784.2,422603.471,0,0,0,1,0,0,0,0,0,0,TRUE,"Property: Vandalism",43.1402496,-87.9594245
778319,"220510032","2/20/2022 5:15",2022,2,"2121 S 15TH PL, Milwaukee, WI","FIREARM",12,17,2,17500,256,53215,2553060.852,373697.747,0,1,0,0,0,0,0,0,0,0,TRUE,"Violent: Assault",43.0060213,-87.9325166
801660,"222680157","9/25/2022 20:30",2022,9,"3417 N 39TH ST, Milwaukee, WI",NA,7,5,7,4800,102,53216,2544382.446,400674.657,0,1,0,0,0,0,0,0,0,0,TRUE,"Violent: Assault",43.0815384,-87.9625171
794547,"222010092","7/20/2022 12:35",2022,7,"5434 W CAPITOL DR, Milwaukee, WI","FIREARM",2,NA,7,3600,70,53216,2539368.085,403761.053,0,0,0,0,0,0,1,0,0,0,TRUE,"Violent: Robbery",43.0902802,-87.981555
778865,"220570090","1/30/2022 12:00",2022,1,"7415 W DEAN RD, Milwaukee, WI",NA,9,NA,4,102,4,53223,2533411.068,433013.744,0,0,1,0,0,0,0,0,0,0,TRUE,"Property: Burglary",43.170152,-88.0026382
789637,"221580106","6/5/2022 20:00",2022,6,"2600 N 50TH ST, Milwaukee, WI",NA,15,5,3,6000,162,53210,2540781.307,395118.222,0,0,1,0,0,0,0,0,0,0,TRUE,"Property: Burglary",43.0662375,-87.9759508
785460,"221200067","4/30/2022 10:30",2022,4,"1607 S 8TH ST, Milwaukee, WI","LETHAL CUTTING INSTRUMENT",12,16,2,16700,237,53204,2555948.127,376543.551,0,1,0,0,0,0,0,0,0,0,TRUE,"Violent: Assault",43.0139054,-87.9216574
799954,"222510145","9/8/2022 20:55",2022,9,"4425 W NORTH AV, Milwaukee, WI","BLUNT OBJECT",15,5,3,9100,157,53208,2542791.921,393164.688,0,1,0,0,0,0,0,0,0,0,TRUE,"Violent: Assault",43.0605262,-87.9697126
797410,"222260202","1/1/2022 0:01",2022,1,"10876 W DONNA DR, Milwaukee, WI",NA,9,18,4,201,1,53224,2521698.735,432957.75,0,0,1,0,0,0,0,0,0,0,TRUE,"Property: Burglary",43.1721645,-88.0454618
776239,"220310087","1/22/2022 14:00",2022,1,"501 W MICHIGAN ST, Milwaukee, WI",NA,4,NA,1,186300,187,53203,2556741.799,385049.134,0,0,1,0,0,0,0,0,0,0,TRUE,"Property: Burglary",43.0367472,-87.9182334
777405,"220420126","2/11/2022 11:11",2022,2,"4302 W CAPITOL DR, Milwaukee, WI","PERSONAL WEAPON",7,5,7,4000,66,53216,2543008.595,403810.811,0,0,0,0,0,0,1,0,0,0,TRUE,"Violent: Robbery",43.090274,-87.9676342
796655,"222200033","8/8/2022 4:20",2022,8,"5438 N 36TH ST, Milwaukee, WI","PERSONAL WEAPON",1,2,4,2100,52,53209,2545319.067,413269.982,0,0,0,0,0,0,1,0,0,0,TRUE,"Violent: Robbery",43.1164727,-87.957292
778825,"220570027","2/25/2022 16:00",2022,2,"2429 N 2ND ST, Milwaukee, WI","PERSONAL WEAPON",6,6,5,185600,141,53212,2557807.608,394076.147,0,1,0,0,0,0,0,0,0,0,TRUE,"Violent: Assault",43.0628411,-87.9129309
777244,"220410020","2/10/2022 3:00",2022,2,"3937 W CHERRY ST, Milwaukee, WI","PERSONAL WEAPON",15,11,3,9600,169,53208,2544740.326,389392.199,0,1,0,0,0,0,0,0,0,0,TRUE,"Violent: Assault",43.0499539,-87.9630795
805659,"223100153","11/6/2022 20:43",2022,11,"5145 N 83RD ST, Milwaukee, WI","FIREARM",2,NA,7,1700,38,53218,2530113.824,411348.157,0,0,0,1,0,0,0,0,0,0,TRUE,"Property: Vandalism",43.1114848,-88.0149415
776421,"220320202","2/1/2022 22:00",2022,2,"7501 N GRANVILLE RD, Milwaukee, WI","PERSONAL WEAPON",9,NA,4,202,6,53224,2526063.289,426775.884,0,1,0,0,0,0,0,0,0,0,TRUE,"Violent: Assault",43.1561827,-88.0314805
804464,"222980028","10/25/2022 7:50",2022,10,"5826 N 68TH ST, Milwaukee, WI","PERSONAL WEAPON",2,2,4,1300,25,53218,2535005.833,415763.931,0,1,0,0,0,0,0,0,0,0,TRUE,"Violent: Assault",43.1237795,-87.9956639
773628,"220070118","1/7/2022 18:54",2022,1,"1534 W CHAMBERS ST, Milwaukee, WI","PERSONAL WEAPON",6,4,5,6600,113,53206,2552787.648,398003.769,0,1,0,0,0,0,0,0,0,0,TRUE,"Violent: Assault",43.0733417,-87.9321168
777213,"220400131","2/9/2022 18:00",2022,2,"2600 W VICTORY LN, Milwaukee, WI","PERSONAL WEAPON",NA,NA,NA,NA,NA,NA,NA,NA,0,1,0,0,0,0,0,0,0,0,TRUE,"Violent: Assault",43.1014597,-87.9457192
783870,"221050022","4/15/2022 3:10",2022,4,"1 UNKNOWN WAY, Milwaukee, WI","HANDGUN",NA,NA,NA,NA,NA,NA,NA,NA,0,0,0,0,0,0,1,0,0,0,TRUE,"Violent: Robbery",43.041072,-87.909421
781089,"220790140","3/20/2022 14:00",2022,3,"2660 N 50TH ST, Milwaukee, WI",NA,15,5,3,6000,162,53210,2540781.307,395118.222,0,1,0,1,0,0,0,0,0,0,TRUE,"Violent: Assault",43.0674785,-87.9759306
780527,"220740012","3/14/2022 4:58",2022,3,"3219 N HUMBOLDT BL, Milwaukee, WI",NA,3,NA,5,7200,125,53212,2561663.541,399431.443,0,1,0,1,0,0,0,0,0,0,TRUE,"Violent: Assault",43.077027985396,-87.898044031066
793913,"221960148","7/15/2022 18:30",2022,7,"5704 W SILVER SPRING DR, Milwaukee, WI","PERSONAL WEAPON",9,2,4,1200,23,53218,2538340.004,414461.13,0,1,0,0,0,0,0,0,0,0,TRUE,"Violent: Assault",43.1196444,-87.9840714
788580,"221480167","5/28/2022 18:20",2022,5,"2929 W WISCONSIN AV, Milwaukee, WI","FIREARM",4,14,3,13400,196,53208,2547837.613,385303.983,0,1,0,0,0,0,0,0,0,0,TRUE,"Violent: Assault",43.0383634,-87.9512818
782114,"220890019","3/30/2022 0:15",2022,3,"7910 W VAN BECK AV, Milwaukee, WI","FIREARM",11,NA,6,19700,275,53220,2532213.56,360894.638,0,1,0,0,0,0,0,0,0,0,TRUE,"Violent: Assault",42.9730268,-88.0120649
790283,"221640052","6/13/2022 7:10",2022,6,"1000 S 2ND ST, Milwaukee, WI","PERSONAL WEAPON",12,16,2,186500,235,53204,2558178.583,379146.422,0,0,0,0,0,0,1,0,0,0,TRUE,"Violent: Robbery",43.021007,-87.912525
809322,"223530152","12/19/2022 22:05",2022,12,"3421 N 67TH ST, Milwaukee, WI","PERSONAL WEAPON",10,NA,7,5100,94,53216,2535734.701,400522.783,0,1,0,0,0,0,0,0,0,0,TRUE,"Violent: Assault",43.0811556,-87.9952183
805227,"223060022","11/2/2022 3:00",2022,11,"4273 N 46TH WA, Milwaukee, WI","FIREARM",7,1,7,4000,66,53216,2541930.554,405560.152,0,1,0,0,0,0,0,0,0,0,TRUE,"Violent: Assault",43.1427977,-87.9701548
787535,"221390014","5/17/2022 6:00",2022,5,"2465 N 44TH ST, Milwaukee, WI","PERSONAL WEAPON",15,5,3,9100,158,53210,2542783.105,393829.354,0,1,0,0,0,0,0,0,0,0,TRUE,"Violent: Assault",43.0638946,-87.9690913
802151,"222740027","10/1/2022 2:00",2022,10,"600 W NATIONAL AV, Milwaukee, WI","BLUNT OBJECT,OTHER",12,16,2,186500,234,53204,2556662.899,379871.626,0,1,0,0,0,0,0,0,0,0,TRUE,"Violent: Assault",43.023296,-87.9184
781040,"220790057","3/19/2022 17:30",2022,3,"7470 W GLENBROOK RD, Milwaukee, WI",NA,9,NA,4,101,4,53223,2533961.406,439347.804,0,0,0,1,0,0,0,0,0,0,TRUE,"Property: Vandalism",43.1891508,-88.0029474
786415,"221290065","5/8/2022 22:30",2022,5,"4255 N 89TH ST, Milwaukee, WI",NA,5,NA,7,3400,79,53222,2527780.601,404898.206,0,0,0,1,0,0,0,0,0,0,TRUE,"Property: Vandalism",43.0946181,-88.0242848
810920,"230080077","12/1/2022 0:01",2022,12,"4670 N 52ND ST, Milwaukee, WI","NONE",7,NA,7,3100,68,53218,2540008.997,407776.734,0,1,0,0,0,0,0,0,0,0,TRUE,"Violent: Assault",43.1022911,-87.9776847
807402,"223310091","11/10/2022 9:00",2022,11,"1633 N ARLINGTON PL, Milwaukee, WI",NA,3,NA,1,11000,178,53202,2562488.092,390258.925,0,0,1,0,0,0,0,0,0,0,TRUE,"Property: Burglary",43.0518781,-87.8961771
780265,"220710073","3/11/2022 16:00",2022,3,"4481 W MEINECKE AV, Milwaukee, WI",NA,15,5,3,9100,158,53210,2542783.105,393829.354,0,0,1,0,0,0,0,0,0,0,TRUE,"Property: Burglary",43.0623686,-87.9697122
799597,"222480022","9/5/2022 2:25",2022,9,"330 W MC KINLEY AV, Milwaukee, WI",NA,6,13,1,14100,176,53212,2557477.306,388443.793,0,0,0,1,0,0,0,0,0,0,TRUE,"Property: Vandalism",43.046759512631,-87.912744474795
777665,"220450015","2/14/2022 1:50",2022,2,"5350 W FOND DU LAC AV, Milwaukee, WI",NA,7,NA,7,3600,69,53216,2539591.912,404756.772,0,0,0,1,0,0,0,0,0,0,TRUE,"Property: Vandalism",43.0932692,-87.9799898
807122,"223280019","11/24/2022 1:53",2022,11,"1661 N VAN BUREN ST, Milwaukee, WI","HANDGUN",3,NA,1,11300,183,53202,2560370.907,389931.233,0,1,0,1,0,0,0,0,0,0,TRUE,"Violent: Assault",43.0520698,-87.9037175
777079,"220390033","2/8/2022 7:00",2022,2,"4333 N 38TH ST, Milwaukee, WI","OTHER",7,1,7,4100,65,53216,2544718.699,405855.294,0,1,0,0,0,0,1,0,0,0,TRUE,"Violent: Assault",43.0960998,-87.9608284
805823,"223120137","11/8/2022 19:33",2022,11,"5919 N 83RD ST, Milwaukee, WI","FIREARM,HANDGUN",2,2,4,1500,27,53218,2530039.298,416338.141,0,1,0,0,0,0,0,0,0,0,TRUE,"Violent: Assault",43.1255035,-88.0148667
780415,"220730024","3/14/2022 4:06",2022,3,"2022 W VLIET ST, Milwaukee, WI","PERSONAL WEAPON",15,12,3,186100,172,53205,2551212.061,388988.808,0,0,0,0,0,0,1,0,0,0,TRUE,"Violent: Robbery",43.0488483,-87.9387485
775895,"220280090","1/28/2022 1:25",2022,1,"5131 N GREEN BAY AV, Milwaukee, WI","HANDGUN",1,3,7,2300,56,53209,2552144.475,410881.634,0,1,0,0,0,0,0,0,0,0,TRUE,"Violent: Assault",43.1115543,-87.9336143
801613,"222680076","9/25/2022 12:03",2022,9,"9127 W PALMETTO AV, Milwaukee, WI",NA,5,NA,7,3300,78,53225,2527119.677,406669.026,0,1,0,0,0,0,0,0,1,0,TRUE,"Violent: Assault",43.0984115,-88.0272183
797739,"222290171","8/17/2022 22:20",2022,8,"3131 N 52ND ST, Milwaukee, WI","HANDGUN",7,5,7,5000,97,53216,2540086.516,398441.073,0,0,0,0,0,0,1,0,0,0,TRUE,"Violent: Robbery",43.0759925,-87.9788181
773718,"220080134","1/3/2022 17:00",2022,1,"4550 N 48TH ST, Milwaukee, WI","PERSONAL WEAPON",7,1,7,2700,67,53218,2541266.025,406976.118,0,1,0,0,0,0,0,0,0,0,TRUE,"Violent: Assault",43.0999645,-87.9724989
784978,"221150084","4/25/2022 11:00",2022,4,"2022 S 12TH ST, Milwaukee, WI","OTHER",12,16,2,16800,238,53204,2554438.742,374373.976,0,1,0,0,0,0,0,0,0,0,TRUE,"Violent: Assault",43.007764,-87.9268459
806446,"223200002","11/15/2022 22:10",2022,11,"3417 N 39TH ST, Milwaukee, WI",NA,7,5,7,4800,102,53216,2544382.446,400674.657,0,1,0,0,0,0,0,0,0,0,TRUE,"Violent: Assault",43.0815384,-87.9625171
780027,"220680187","3/9/2022 22:00",2022,3,"11039 W LANGLADE ST, Milwaukee, WI",NA,5,19,4,303,33,53225,2520764.634,417010.963,0,1,0,0,0,0,0,0,0,0,TRUE,"Violent: Assault",43.1272581,-88.0503666
776929,"220370137","2/6/2022 17:00",2022,2,"7820 W LEON TR, Milwaukee, WI","PERSONAL WEAPON",2,NA,4,1600,40,53218,2532382.975,413338.575,0,1,0,0,0,0,0,0,0,0,TRUE,"Violent: Assault",43.117932008169,-88.008810965348
802823,"222810063","10/8/2022 11:30",2022,10,"2438 N 56TH ST, Milwaukee, WI","PERSONAL WEAPON",10,5,3,9300,165,53210,2538992.841,393760.026,0,1,0,0,0,0,0,0,0,0,TRUE,"Violent: Assault",43.0634254,-87.9827416
797203,"222250041","8/12/2022 17:30",2022,8,"837 W MADISON ST, Milwaukee, WI",NA,12,16,2,16500,236,53204,2555944.749,377976.732,0,0,0,1,0,0,0,0,0,0,TRUE,"Property: Vandalism",43.0179863,-87.9216636
794288,"221990156","7/18/2022 14:00",2022,7,"8215 W MEDFORD AV, Milwaukee, WI","HANDGUN",2,NA,4,1600,40,53218,2530633.565,413502.789,0,1,0,0,0,0,0,0,0,0,TRUE,"Violent: Assault",43.1174702,-88.014228
801847,"222700156","9/27/2022 20:30",2022,9,"5804 N TEUTONIA AV, Milwaukee, WI","ASPHYXIATION,PERSONAL WEAPON",1,NA,4,1000,20,53209,2546959.597,415936.606,0,1,0,1,0,0,0,0,0,1,TRUE,"Violent: Assault",43.122975,-87.9507849
776067,"220300017","1/30/2022 1:15",2022,1,"2416 S KINNICKINNIC AV, Milwaukee, WI","PERSONAL WEAPON",14,NA,6,18000,241,53207,2561013.045,371919.157,0,1,0,0,0,0,0,0,0,0,TRUE,"Violent: Assault",43.0010111,-87.9021389
786493,"221290207","5/9/2022 19:00",2022,5,"3626 W FOND DU LAC AV, Milwaukee, WI",NA,7,5,7,4800,104,53216,2545428.207,398843.551,0,1,0,0,0,0,0,0,0,0,TRUE,"Violent: Assault",43.0772106,-87.9593652
774166,"220130025","1/13/2022 2:00",2022,1,"2551 N 13TH ST, Milwaukee, WI",NA,15,10,3,8500,145,53206,2553776.268,394660.281,0,0,0,1,0,0,0,0,0,0,TRUE,"Property: Vandalism",43.065153,-87.9278518
808710,"223460126","12/12/2022 16:30",2022,12,"2405 W NATIONAL AV, Milwaukee, WI","PERSONAL WEAPON",8,15,2,15900,226,53204,2549882.991,379416.448,0,1,0,1,0,0,0,0,0,0,TRUE,"Violent: Assault",43.022174,-87.9438808
773076,"220020042","1/2/2022 11:30",2022,1,"626 N BROADWAY, Milwaukee, WI",NA,4,NA,1,187400,186,53202,2559355.547,385119.602,0,0,0,1,0,0,0,0,0,0,TRUE,"Property: Vandalism",43.0381836,-87.9073656
774424,"220150054","1/15/2022 11:01",2022,1,"5292 N LOVERS LANE RD, Milwaukee, WI",NA,5,NA,4,400,34,53225,2519155.135,411349.149,0,0,0,1,0,0,0,0,0,1,TRUE,"Property: Vandalism",43.114266,-88.0532215
792496,"221840060","7/2/2022 22:15",2022,7,"5721 N 94TH ST, Milwaukee, WI",NA,2,19,4,502,31,53225,2526069.047,414898.803,0,0,1,0,0,0,0,0,0,0,TRUE,"Property: Burglary",43.1218761,-88.0298822
775777,"220270074","1/27/2022 11:45",2022,1,"2632 N 55TH ST, Milwaukee, WI","FIREARM",10,5,3,5900,163,53210,2539193.329,395092.55,0,1,0,0,0,0,0,0,0,0,TRUE,"Violent: Assault",43.0668731,-87.9818573
778292,"220500113","2/19/2022 19:45",2022,2,"3961 N 27TH ST, Milwaukee, WI","RIFLE",7,4,5,4700,107,53216,2548375.584,403303.252,0,1,0,0,0,0,0,0,0,0,TRUE,"Violent: Assault",43.0888386,-87.9473769
802013,"222720097","9/29/2022 11:50",2022,9,"900 W WALNUT ST, Milwaukee, WI",NA,6,13,5,186000,175,53205,2555706.707,390546.646,0,0,0,1,0,0,0,0,0,0,TRUE,"Property: Vandalism",43.053444,-87.9233099
785780,"221230090","4/28/2022 10:30",2022,4,"3414 W WISCONSIN AV, Milwaukee, WI",NA,4,14,3,13500,198,53208,2546386.644,385281.727,0,0,1,0,0,0,0,0,0,0,TRUE,"Property: Burglary",43.0390947,-87.9566577
792156,"221810021","6/29/2022 23:22",2022,6,"2604 W LLOYD ST, Milwaukee, WI",NA,15,12,3,9900,149,53205,2548848.132,392281.774,0,1,0,0,0,0,0,0,0,0,TRUE,"Violent: Assault",43.0578799,-87.9465109
782041,"220880085","3/29/2022 10:54",2022,3,"3465 N 60TH ST, Milwaukee, WI","MOTOR VEHICLE",10,5,7,5100,94,53216,2537725.833,400419.898,0,1,0,0,0,0,0,0,0,0,TRUE,"Violent: Assault",43.0822944,-87.9876226
795598,"222100159","7/29/2022 19:30",2022,7,"2411 W BECHER ST, Milwaukee, WI","PERSONAL WEAPON",8,15,2,17300,223,53215,2549978.753,373682.305,0,1,0,0,0,0,0,0,0,0,TRUE,"Violent: Assault",43.0063033,-87.9442061
784172,"221070119","4/17/2022 15:45",2022,4,"1946 N 22ND ST, Milwaukee, WI","PERSONAL WEAPON",15,12,3,185800,173,53205,2550527.918,391245.946,0,1,0,0,0,0,0,0,0,0,TRUE,"Violent: Assault",43.055898,-87.9398989
774729,"220170162","1/17/2022 18:00",2022,1,"4764 N 50TH ST, Milwaukee, WI","HANDGUN",7,1,7,2700,68,53218,2540636.895,407347.049,0,1,0,0,0,0,0,0,0,0,TRUE,"Violent: Assault",43.1040023,-87.9752867
788082,"221440049","5/23/2022 20:00",2022,5,"5703 W KEEFE AV, Milwaukee, WI","PERSONAL WEAPON",10,5,7,5000,96,53216,2538445.319,401088.006,0,1,0,0,0,0,0,0,0,0,TRUE,"Violent: Assault",43.0823757,-87.9846565
780692,"220750153","3/16/2022 13:45",2022,3,"2734 N OAKLAND AV, Milwaukee, WI",NA,3,NA,1,7800,136,53211,2564346.539,396170.823,0,0,1,0,0,0,0,0,0,0,TRUE,"Property: Burglary",43.0681926,-87.887673
801551,"222670173","9/24/2022 19:00",2022,9,"3847 N 53RD ST, Milwaukee, WI","FIREARM",7,5,7,3700,98,53216,2539707.332,402422.654,0,1,0,0,0,0,0,0,0,0,TRUE,"Violent: Assault",43.0872646,-87.9798653
799991,"222520046","9/9/2022 9:15",2022,9,"5679 N 95TH ST, Milwaukee, WI","HANDGUN",2,19,4,502,31,53225,2525714.453,414215.623,0,1,0,0,0,0,0,0,0,0,TRUE,"Violent: Assault",43.1211854,-88.0311489
806662,"223220090","11/18/2022 15:56",2022,11,"731 N 25TH ST, Milwaukee, WI",NA,4,14,3,13700,195,53233,2549383.634,385332.479,0,1,0,1,0,0,0,0,0,0,TRUE,"Violent: Assault",43.0394216,-87.9453946
781052,"220790082","3/4/2022 14:00",2022,3,"1318 N VAN BUREN ST, Milwaukee, WI",NA,4,NA,1,11100,184,53202,2560386.205,388610.581,0,0,1,0,0,0,0,0,0,0,TRUE,"Property: Burglary",43.0474504,-87.9031206
796055,"222140174","8/2/2022 17:20",2022,8,"2841 W HIGHLAND BL, Milwaukee, WI","HANDGUN",4,14,3,13600,195,53208,2548574.205,387439.533,0,0,0,0,0,0,1,0,0,0,TRUE,"Violent: Robbery",43.044146994615,-87.950234035007
784842,"221140079","4/24/2022 1:41",2022,4,"5595 N LOVERS LANE RD, Milwaukee, WI",NA,5,NA,4,501,33,53225,2519121.356,413195.83,0,0,1,0,0,0,0,0,0,0,TRUE,"Property: Burglary",43.1187201,-88.0563097
793725,"221950022","7/14/2022 0:01",2022,7,"2332 W GREENFIELD AV, Milwaukee, WI","PERSONAL WEAPON",8,15,2,16200,226,53204,2550303.715,377454.365,0,1,0,0,0,0,0,0,0,0,TRUE,"Violent: Assault",43.0172232,-87.9433436
774991,"220190157","1/19/2022 20:00",2022,1,"2237 N 28TH ST, Milwaukee, WI","OTHER",15,11,3,9900,150,53208,2548190.144,392778.513,0,1,0,0,0,0,0,0,0,0,TRUE,"Violent: Assault",43.0601056,-87.9489779
786940,"221340034","5/14/2022 2:00",2022,5,"4260 N 36TH ST, Milwaukee, WI","PERSONAL WEAPON",7,1,7,4100,65,53216,2545333.098,405207.885,0,1,0,0,0,0,0,0,0,0,TRUE,"Violent: Assault",43.0948719,-87.9579215
792833,"221870048","7/6/2022 8:50",2022,7,"3035 N 8TH ST, Milwaukee, WI",NA,6,4,5,6700,117,53206,2555365.278,398015.44,0,1,0,0,0,0,0,0,0,0,TRUE,"Violent: Assault",43.073887,-87.9216416
795046,"222050154","7/24/2022 19:15",2022,7,"3758 N 40TH ST, Milwaukee, WI","HANDGUN",7,5,7,3900,101,53216,2544118.478,401840.002,0,1,0,0,0,0,0,0,0,0,TRUE,"Violent: Assault",43.0857015,-87.962864
807988,"223380017","12/4/2022 0:13",2022,12,"8602 N 116TH ST, Milwaukee, WI",NA,9,18,4,201,1,53224,2518614.754,433931.194,0,0,1,0,0,0,0,0,0,0,TRUE,"Property: Burglary",43.174174,-88.0556392
773367,"220050028","1/5/2022 5:40",2022,1,"2215 N 40TH ST, Milwaukee, WI","PERSONAL WEAPON",15,11,3,9000,156,53208,2544247.232,392698.735,0,1,0,0,0,0,0,0,0,0,TRUE,"Violent: Assault",43.0596314,-87.9637836
803210,"222850032","10/12/2022 6:18",2022,10,"3305 N MARTIN L KING JR DR, Milwaukee, WI",NA,6,6,5,6800,120,53212,2556725.285,400152.23,0,0,1,0,0,0,0,0,0,0,TRUE,"Property: Burglary",43.078992996867,-87.91647399213
793270,"221900186","7/9/2022 20:40",2022,7,"4260 N 28TH ST, Milwaukee, WI",NA,1,4,5,4100,63,53216,2548025.725,405286.91,1,0,0,0,0,0,0,0,0,0,TRUE,"Property: Arson",43.0941478,-87.9479371
779702,"220650132","3/6/2022 17:50",2022,3,"4833 W LYNNDALE AV, Milwaukee, WI","OTHER",11,NA,6,19900,279,53220,2542096.093,361853.173,0,1,0,0,0,0,0,0,0,0,TRUE,"Violent: Assault",42.9746657,-87.9753806
808886,"223480116","12/14/2022 19:07",2022,12,"6918 N TEUTONIA AV, Milwaukee, WI","FIREARM,HANDGUN",1,NA,4,900,19,53209,2545897.617,422620.238,0,1,0,0,0,0,1,0,0,0,TRUE,"Violent: Assault",43.1434332,-87.9544391
779156,"220600078","3/1/2022 8:59",2022,3,"3944 N 41ST ST, Milwaukee, WI","HANDGUN",7,5,7,3900,101,53216,2543799.705,402758.521,0,0,1,0,0,0,0,0,0,0,TRUE,"Property: Burglary",43.0890337,-87.9639497
808684,"223460066","12/11/2022 19:15",2022,12,"1537 N 54TH ST, Milwaukee, WI",NA,10,NA,3,9400,204,53208,2539620.796,389306.552,0,0,1,0,0,0,0,0,0,0,TRUE,"Property: Burglary",43.0510769,-87.9814087
776603,"220340067","2/2/2022 22:00",2022,2,"2719 W JUNEAU AV, Milwaukee, WI",NA,4,14,3,13600,193,53208,2548564.727,387929.943,0,0,1,0,0,0,0,0,0,0,TRUE,"Property: Burglary",43.0456353,-87.9483241
777046,"220380174","2/7/2022 20:41",2022,2,"3900 N HUMBOLDT BL, Milwaukee, WI",NA,6,7,5,4400,124,53212,2561179.846,403780.204,0,0,0,1,0,0,0,0,0,0,TRUE,"Property: Vandalism",43.088746874323,-87.899242844428
791529,"221750089","6/22/2022 17:00",2022,6,"6170 N 76TH ST, Milwaukee, WI",NA,2,2,4,1300,26,53218,2532303.736,418034.616,0,0,0,1,0,0,0,0,1,0,TRUE,"Property: Vandalism",43.1293369,-88.0057831
785067,"221160050","4/21/2022 0:01",2022,4,"1015 N 10TH ST, Milwaukee, WI","PERSONAL WEAPON",4,NA,1,186300,188,53233,2554841.203,387102.411,0,1,0,0,0,0,0,0,0,0,TRUE,"Violent: Assault",43.0436958,-87.9248218
809618,"223580026","12/24/2022 8:30",2022,12,"6324 W GIRARD AV, Milwaukee, WI",NA,10,5,7,5000,164,53210,2537258.766,397408.296,0,0,1,0,0,0,0,0,0,0,TRUE,"Property: Burglary",43.0728693,-87.9914929
786358,"221280150","5/8/2022 18:58",2022,5,"7123 W SILVER SPRING DR, Milwaukee, WI","PERSONAL WEAPON",2,2,4,1800,41,53218,2534357.397,414430.91,0,1,0,0,0,0,0,0,0,0,TRUE,"Violent: Assault",43.1191356,-88.0003002
789858,"221600089","6/9/2022 13:12",2022,6,"2445 N 25TH ST, Milwaukee, WI",NA,15,9,3,9900,149,53206,2549154.828,393966.885,0,0,0,1,0,0,0,0,0,0,TRUE,"Property: Vandalism",43.0634395,-87.9452367
782634,"220930197","4/3/2022 21:47",2022,4,"2710 W FAIRMOUNT AV, Milwaukee, WI",NA,1,3,7,2400,54,53209,2548332.845,410622.753,0,1,0,0,0,0,0,0,0,0,TRUE,"Violent: Assault",43.1083536,-87.9470091
808091,"223390048","12/5/2022 8:25",2022,12,"1201 W ATKINSON AV, Milwaukee, WI","HANDGUN",6,4,5,4500,115,53206,2554033.152,402341.325,0,1,0,0,0,0,0,0,0,0,TRUE,"Violent: Assault",43.085026,-87.92618
776675,"220350017","2/4/2022 1:00",2022,2,"7575 W SILVER SPRING DR, Milwaukee, WI","FIREARM",2,2,4,1300,41,53218,2532706.58,414464.721,0,1,0,0,0,0,0,0,0,0,TRUE,"Violent: Assault",43.1193921,-88.0050596
803417,"222870041","10/14/2022 7:42",2022,10,"923 S 24TH ST, Milwaukee, WI","HANDGUN",8,15,2,15900,226,53204,2549882.991,379416.448,0,1,0,0,0,0,0,0,0,0,TRUE,"Violent: Assault",43.0213033,-87.9439292
803472,"222870149","10/14/2022 21:25",2022,10,"3121 W GREENFIELD AV, Milwaukee, WI","PERSONAL WEAPON",8,15,2,16100,218,53215,2547537.719,377352.088,0,1,0,0,0,0,0,0,0,0,TRUE,"Violent: Assault",43.0167552,-87.9533878
776073,"220300024","1/30/2022 6:20",2022,1,"2601 W STATE ST, Milwaukee, WI","PERSONAL WEAPON",4,12,3,13700,195,53233,2548983.261,386974.94,0,1,0,0,0,0,0,0,0,0,TRUE,"Violent: Assault",43.0430348,-87.9464994
789836,"221600049","6/9/2022 7:42",2022,6,"2900 W LISBON AV, Milwaukee, WI","PERSONAL WEAPON",15,11,3,9700,170,53208,2547902.522,390795.85,0,1,0,0,0,0,0,0,0,0,TRUE,"Violent: Assault",43.0540484,-87.950165
783251,"220990097","4/8/2022 8:30",2022,4,"1000 W WINNEBAGO ST, Milwaukee, WI",NA,6,13,5,14100,176,53205,2554894.455,388737.314,0,0,0,1,0,0,0,0,0,0,TRUE,"Property: Vandalism",43.047799,-87.924099
785461,"221200069","4/30/2022 11:00",2022,4,"7600 W CAPITOL DR, Milwaukee, WI","BLUNT OBJECT",5,NA,7,3400,75,53222,2532290.486,403592.948,0,1,0,0,0,0,0,0,0,0,TRUE,"Violent: Assault",43.0904815,-88.009654
805154,"223050069","10/31/2022 20:00",2022,10,"1017 W MAPLE ST, Milwaukee, WI",NA,12,16,2,16700,238,53204,2555191.167,375388.764,0,0,1,0,0,0,0,0,0,0,TRUE,"Property: Burglary",43.0108289,-87.9247851
804394,"222970103","10/22/2022 14:00",2022,10,"7420 W VILLARD AV, Milwaukee, WI","PERSONAL WEAPON",2,NA,4,1800,41,53218,2533086.2,411741.921,0,1,0,0,0,0,0,0,0,0,TRUE,"Violent: Assault",43.1126448,-88.004299
791679,"221760166","6/24/2022 23:30",2022,6,"3433 W NORTH AV, Milwaukee, WI",NA,15,8,3,9800,150,53208,2546143.713,393244.897,0,0,1,0,0,0,0,0,0,0,TRUE,"Property: Burglary",43.0605098,-87.957346
808014,"223380066","12/4/2022 4:00",2022,12,"2873 N 35TH ST, Milwaukee, WI","PERSONAL WEAPON",15,5,7,6200,153,53210,2545782.864,396557.724,0,1,0,0,0,0,0,0,0,0,TRUE,"Violent: Assault",43.0712934,-87.9576829
795485,"222090133","7/28/2022 17:19",2022,7,"3825 W DOUGLAS AV, Milwaukee, WI","PERSONAL WEAPON",1,2,4,1100,21,53209,2544627.243,418964.089,0,1,0,0,0,0,0,0,0,0,TRUE,"Violent: Assault",43.1310511,-87.9605286
803243,"222850083","10/12/2022 9:50",2022,10,"700 W HAYES AV, Milwaukee, WI","PERSONAL WEAPON",12,17,2,17600,250,53215,2556383.378,371858.615,0,0,0,0,0,0,1,0,0,0,TRUE,"Violent: Robbery",43.001346,-87.920196
801159,"222630143","9/20/2022 18:15",2022,9,"2600 W PORT SUNLIGHT WA, Milwaukee, WI","UNKNOWN",1,4,5,4200,61,53209,2548698.026,406839.843,0,1,0,0,0,0,0,0,0,0,TRUE,"Violent: Assault",43.097714,-87.945989
802915,"222820070","10/8/2022 8:00",2022,10,"2840 W KILBOURN AV, Milwaukee, WI",NA,4,14,3,13600,199,53208,2548277.705,386383.082,0,1,0,0,0,0,0,0,0,0,TRUE,"Violent: Assault",43.0418869,-87.9502366
780319,"220720015","3/13/2022 3:55",2022,3,"2521 W HADLEY ST, Milwaukee, WI",NA,15,9,5,8800,147,53206,2549120.794,396631.793,0,0,0,1,0,0,0,0,0,0,TRUE,"Property: Vandalism",43.0695269,-87.9456019
794104,"221980081","7/17/2022 9:27",2022,7,"9100 W SILVER SPRING DR, Milwaukee, WI","MOTOR VEHICLE",2,19,4,502,31,53225,2527055.526,414258.52,0,1,0,0,0,0,0,0,0,0,TRUE,"Violent: Assault",43.119599,-88.026051
778343,"220510067","2/20/2022 3:30",2022,2,"2846 N BREMEN ST, Milwaukee, WI",NA,3,7,5,7900,138,53212,2561021.818,396776.425,0,1,0,0,0,0,0,0,0,0,TRUE,"Violent: Assault",43.0703406,-87.9001058
790544,"221660083","6/15/2022 11:53",2022,6,"2700 N VEL R PHILLIPS AV, Milwaukee, WI","MOTOR VEHICLE",6,6,5,185700,121,53212,2556981.598,396046.272,0,1,0,0,0,0,0,0,0,0,TRUE,"Violent: Assault",43.0677314,-87.9152501
808134,"223390135","12/3/2022 22:00",2022,12,"5343 W HAMPTON AV, Milwaukee, WI",NA,7,NA,7,3100,68,53218,2539401.814,409142.233,0,0,1,0,0,0,0,0,0,0,TRUE,"Property: Burglary",43.1044871,-87.9804466
794684,"222020114","7/21/2022 15:00",2022,7,"4888 N 22ND ST, Milwaukee, WI","FIREARM",1,3,7,2300,57,53209,2550293.709,409313.814,0,0,0,0,0,0,1,0,0,0,TRUE,"Violent: Robbery",43.1063963,-87.938999
799132,"222430055","6/30/2022 12:00",2022,6,"1632 N FRANKLIN PL, Milwaukee, WI",NA,3,NA,1,11000,178,53202,2562116.966,389956.197,0,1,0,0,0,0,0,0,0,0,TRUE,"Violent: Assault",43.0516128,-87.8961404
799083,"222420129","8/30/2022 17:30",2022,8,"1449 N 37TH ST, Milwaukee, WI","FIREARM",15,11,3,9600,169,53208,2545386.349,388898.834,0,1,0,0,0,0,0,0,0,0,TRUE,"Violent: Assault",43.0498256,-87.9598369
800314,"222550096","9/12/2022 14:20",2022,9,"1302 W COTTAGE PL, Milwaukee, WI","FIREARM",6,4,5,6600,112,53206,2553734.679,397835.131,0,1,0,0,0,0,0,0,0,0,TRUE,"Violent: Assault",43.0728316,-87.9276995
781906,"220870060","3/26/2022 12:00",2022,3,"2549 N 49TH ST, Milwaukee, WI",NA,15,5,3,6000,162,53210,2541127.178,394460.46,0,0,0,1,0,0,0,0,0,0,TRUE,"Property: Vandalism",43.0654342,-87.9752607
784821,"221140051","4/24/2022 2:30",2022,4,"9006 W SILVER SPRING DR, Milwaukee, WI","BLUNT OBJECT",2,2,4,1500,30,53225,2527740.11,414279.766,0,1,0,0,0,0,0,0,0,0,TRUE,"Violent: Assault",43.1198939,-88.0248123
803170,"222840140","10/11/2022 17:03",2022,10,"2562 N 36TH ST, Milwaukee, WI","HANDGUN",15,8,3,6200,154,53210,2545488.684,394555.525,0,1,0,0,0,0,0,0,0,0,TRUE,"Violent: Assault",43.0656391,-87.9584168
798735,"222390119","8/27/2022 14:16",2022,8,"10307 W FOND DU LAC AV, Milwaukee, WI","FIREARM",5,19,4,302,8,53224,2523669.031,420953.653,0,1,0,0,0,0,0,0,0,0,TRUE,"Violent: Assault",43.140176,-88.0408323
799243,"222440083","9/1/2022 10:40",2022,9,"1509 N PROSPECT AV, Milwaukee, WI",NA,3,NA,1,187000,182,53202,2562836.141,389481.288,0,0,0,1,0,0,0,0,0,0,TRUE,"Property: Vandalism",43.0495787,-87.8943721
796643,"222200012","8/8/2022 0:05",2022,8,"6659 N 75TH ST, Milwaukee, WI",NA,9,NA,4,600,12,53223,2532504.13,421481.254,0,1,0,1,0,0,0,0,0,0,TRUE,"Violent: Assault",43.1393271,-88.0051291
794008,"221970132","7/16/2022 9:30",2022,7,"819 E WRIGHT ST, Milwaukee, WI","HANDGUN",3,7,5,10700,138,53212,2560733.068,394778.824,0,0,0,1,0,0,0,0,0,0,TRUE,"Property: Vandalism",43.0636827,-87.9009525
794836,"222030169","7/22/2022 20:30",2022,7,"8036 W CENTER ST, Milwaukee, WI",NA,5,NA,7,5700,87,53222,2531089.812,395563.457,0,0,0,1,0,0,0,0,0,0,TRUE,"Property: Vandalism",43.0682042,-88.0136761
800734,"222590136","9/16/2022 20:15",2022,9,"3303 N RICHARDS ST, Milwaukee, WI","FIREARM",6,6,5,6900,120,53212,2559004.773,400056.329,0,0,0,0,0,0,1,0,0,0,TRUE,"Violent: Robbery",43.0785389,-87.9078209
806982,"223260064","11/22/2022 8:00",2022,11,"5276 N 84TH ST, Milwaukee, WI","PERSONAL WEAPON",2,NA,4,1600,40,53225,2529809.124,411669.992,0,1,0,0,0,0,0,0,0,0,TRUE,"Violent: Assault",43.1138449,-88.0153494
806345,"223180105","11/14/2022 8:10",2022,11,"901 W WINDLAKE AV, Milwaukee, WI",NA,12,16,2,16700,238,53204,2555572.84,374784.144,0,0,1,0,0,0,0,0,0,0,TRUE,"Property: Burglary",43.0091982,-87.9226281
803876,"222920047","9/18/2022 12:00",2022,9,"1458 N 29TH ST, Milwaukee, WI","FIREARM",15,11,3,12200,172,53208,2547939.189,388930.848,0,1,0,0,0,0,0,0,0,0,TRUE,"Violent: Assault",43.0499556,-87.9498005
776530,"220330159","2/2/2022 16:00",2022,2,"5911 N 35TH ST, Milwaukee, WI","FIREARM,PERSONAL WEAPON",1,NA,4,1000,20,53209,2545626.043,416268.536,0,1,0,0,0,0,0,0,0,0,TRUE,"Violent: Assault",43.1250405,-87.9564513
791982,"221790121","6/28/2022 16:00",2022,6,"2000 W FOREST HOME AV, Milwaukee, WI","HANDGUN",8,15,2,16900,224,53215,2551489.259,373726.087,0,1,0,0,0,0,1,0,0,0,TRUE,"Violent: Assault",43.0067506,-87.938368
802359,"222760073","10/3/2022 11:46",2022,10,"2413 N 33RD ST, Milwaukee, WI","HANDGUN",15,8,3,9800,152,53210,2546414.745,393920.229,0,1,0,0,0,0,0,0,0,0,TRUE,"Violent: Assault",43.0628215,-87.955517
789009,"221520114","6/1/2022 9:15",2022,6,"3897 N 5TH ST, Milwaukee, WI","FIREARM",6,6,5,4400,119,53212,2556678.924,403156.574,0,1,0,0,0,0,0,0,0,0,TRUE,"Violent: Assault",43.0881258,-87.9162648
779942,"220680015","3/9/2022 3:17",2022,3,"3245 N 23RD ST, Milwaukee, WI","HANDGUN",7,4,5,6500,110,53206,2550068.755,399284.727,0,0,0,0,0,0,1,0,0,0,TRUE,"Violent: Robbery",43.0779672,-87.9413583
776565,"220330502","2/1/2022 23:00",2022,2,"1525 N 24TH ST, Milwaukee, WI",NA,15,12,3,186100,172,53205,2549858.14,389475.679,0,0,0,1,0,0,0,0,0,0,TRUE,"Property: Vandalism",43.0505842,-87.9430524
783976,"221060002","4/15/2022 23:30",2022,4,"1011 W CENTER ST, Milwaukee, WI","OTHER",15,10,3,8400,143,53206,2554706.838,396014.667,0,1,0,0,0,0,0,0,0,0,TRUE,"Violent: Assault",43.0665805,-87.925951
804902,"223030004","10/30/2022 0:00",2022,10,"2612 W GREENFIELD AV, Milwaukee, WI","HANDGUN",8,15,2,16200,220,53204,2549187.3,377422.171,0,0,0,0,0,0,1,0,0,1,TRUE,"Violent: Robbery",43.0171238,-87.9469359
773108,"220020089","1/2/2022 14:49",2022,1,"3428 N BREMEN ST, Milwaukee, WI",NA,3,NA,5,7200,125,53212,2560989.76,400588.76,0,0,0,1,0,0,0,0,0,0,TRUE,"Property: Vandalism",43.0804622,-87.8998357
797824,"222300169","8/18/2022 21:40",2022,8,"6612 N 54TH ST, Milwaukee, WI",NA,9,NA,4,800,16,53223,2539276.084,420246.275,0,0,0,1,0,0,0,0,0,0,TRUE,"Property: Vandalism",43.1379119,-87.9792164
807856,"223360072","12/2/2022 10:40",2022,12,"7035 W SILVER SPRING DR, Milwaukee, WI",NA,2,2,4,1800,41,53218,2534357.397,414430.91,0,1,0,0,0,0,0,0,0,0,TRUE,"Violent: Assault",43.1191295,-87.9996538
789389,"221560056","6/5/2022 1:30",2022,6,"8129 W MILL RD, Milwaukee, WI",NA,2,NA,4,1400,28,53218,2530975.665,419677.166,0,0,0,1,0,0,0,0,0,0,TRUE,"Property: Vandalism",43.1337867,-88.0127865
785320,"221190012","4/26/2022 3:18",2022,4,"949 N 9TH ST, Milwaukee, WI",NA,4,NA,1,186300,188,53233,2555205.049,386955.7,0,1,0,0,0,0,0,0,0,0,TRUE,"Violent: Assault",43.0426528,-87.9238506
794540,"222010084","7/19/2022 12:00",2022,7,"441 E ERIE ST, Milwaukee, WI",NA,4,NA,1,187400,186,53202,2560015.068,382355.612,0,0,0,1,0,0,0,0,0,0,TRUE,"Property: Vandalism",43.0292811,-87.9051166
808266,"223410023","12/7/2022 3:42",2022,12,"9934 W APPLETON AV, Milwaukee, WI","BLUNT OBJECT",2,19,4,502,31,53225,2524373.714,414456.039,0,1,0,1,0,0,0,0,0,0,TRUE,"Violent: Assault",43.1210951,-88.0365096
782851,"220950117","4/5/2022 13:32",2022,4,"3045 S 13TH ST, Milwaukee, WI",NA,14,NA,6,20400,290,53215,2554151.339,367742.293,0,1,0,0,0,0,0,0,0,0,TRUE,"Violent: Assault",42.9892803,-87.9291599
789404,"221560083","6/4/2022 16:45",2022,6,"6416 N 101ST ST, Milwaukee, WI","FIREARM",2,19,4,302,32,53224,2523731.025,419434.881,0,0,0,1,0,0,0,0,0,0,TRUE,"Property: Vandalism",43.1344443,-88.0376126
798662,"222390004","8/26/2022 23:30",2022,8,"9102 W DIXON ST, Milwaukee, WI","ASPHYXIATION",10,NA,3,12800,211,53214,2527791.979,381632.124,0,1,0,0,0,0,0,0,0,0,TRUE,"Violent: Assault",43.0303861,-88.025507
781414,"220820096","3/23/2022 10:00",2022,3,"4113 N 47TH ST, Milwaukee, WI",NA,7,1,7,4000,69,53216,2541598.76,404452.977,0,0,0,1,0,0,0,0,0,0,TRUE,"Property: Vandalism",43.0920134,-87.972809
799397,"222460020","9/3/2022 1:48",2022,9,"3706 W WISCONSIN AV, Milwaukee, WI",NA,15,14,3,12300,201,53208,2545623.036,385264.305,0,0,1,0,0,0,0,0,0,0,TRUE,"Property: Burglary",43.0391614,-87.9600446
805092,"223040157","10/31/2022 19:35",2022,10,"7803 N 64TH CT, Milwaukee, WI","FIREARM",9,NA,4,700,14,53223,2536420.403,429845.483,0,1,0,1,0,0,0,0,0,0,TRUE,"Violent: Assault",43.1606532,-87.9897588
785263,"221180061","4/28/2022 11:30",2022,4,"1820 N 30TH ST, Milwaukee, WI",NA,15,11,3,9700,170,53208,2547618.361,390833.7,0,0,0,1,0,0,0,0,0,0,TRUE,"Property: Vandalism",43.0543904,-87.9507715
783170,"220980160","4/8/2022 19:50",2022,4,"4028 N 24TH ST, Milwaukee, WI","BLUNT OBJECT",1,4,5,4200,60,53209,2549707.783,403935.213,0,1,0,1,0,0,0,0,0,0,TRUE,"Violent: Assault",43.0904511,-87.9417447
803400,"222870018","10/13/2022 23:00",2022,10,"2218 N MARTIN L KING JR DR, Milwaukee, WI","PERSONAL WEAPON,FIREARM",6,6,5,185600,141,53212,2557422.533,392970.553,0,1,0,1,0,0,0,0,0,0,TRUE,"Violent: Assault",43.059394011767,-87.913776025136
775248,"220220039","1/22/2022 9:14",2022,1,"5882 N 32ND ST, Milwaukee, WI",NA,1,NA,4,1000,20,53209,2546555.99,416279.519,1,0,0,0,0,0,0,0,0,0,TRUE,"Property: Arson",43.1246116,-87.9527016
839433,"233170145","11/13/2023 17:00",2023,11,"10130 W APPLETON AV, Milwaukee, WI",NA,2,19,4,502,31,53225,2523764.784,415023.82,0,1,0,0,0,0,0,0,0,0,TRUE,"Violent: Assault",43.123065,-88.0377487
812731,"230280049","1/28/2023 3:00",2023,1,"1517 S 2ND ST, Milwaukee, WI",NA,12,16,2,16500,240,53204,2558234.027,377295.331,0,0,1,0,0,0,0,0,0,0,TRUE,"Property: Burglary",43.0155865,-87.9128652
838445,"233070052","11/2/2023 23:00",2023,11,"5731 N 63RD ST, Milwaukee, WI",NA,9,2,4,1200,23,53218,2536699.707,415110.09,0,0,0,1,0,0,0,0,0,0,TRUE,"Property: Vandalism",43.1219708,-87.9899369
838534,"233080047","11/3/2023 21:20",2023,11,"1342 W ATKINSON AV, Milwaukee, WI","FIREARM",6,4,5,4600,115,53206,2553703.456,402524.495,0,0,0,1,0,0,0,0,0,0,TRUE,"Property: Vandalism",43.086279,-87.9281551
821633,"231330004","5/12/2023 23:30",2023,5,"4441 S 13TH ST, Milwaukee, WI","PERSONAL WEAPON",13,NA,6,21400,308,53221,2554261.874,358766.668,0,1,0,0,0,0,0,0,0,0,TRUE,"Violent: Assault",42.9637709,-87.9295313
833566,"232530085","9/10/2023 11:19",2023,9,"3168 S ADAMS AV, Milwaukee, WI",NA,14,NA,6,20600,297,53207,2561086.689,367252.143,0,0,1,0,0,0,0,0,0,0,TRUE,"Property: Burglary",42.9867486,-87.9026542
819423,"231090166","4/19/2023 21:40",2023,4,"5033 N 48TH ST, Milwaukee, WI","PERSONAL WEAPON",1,2,7,2800,47,53218,2541363.185,410514.91,0,1,0,0,0,0,0,0,0,0,TRUE,"Violent: Assault",43.1090849,-87.9729247
827153,"231850115","7/4/2023 17:05",2023,7,"5325 W FOND DU LAC AV, Milwaukee, WI","HANDGUN",2,NA,7,3600,70,53216,2539591.912,404756.772,0,1,0,0,0,0,0,0,0,0,TRUE,"Violent: Assault",43.0926402,-87.9805335
817515,"230880048","3/22/2023 17:38",2023,3,"949 N 9TH ST, Milwaukee, WI",NA,4,NA,1,186300,188,53233,2555205.049,386955.7,0,1,0,0,0,0,0,0,0,0,TRUE,"Violent: Assault",43.0426528,-87.9238506
836107,"232810049","10/8/2023 10:10",2023,10,"2436 N 40TH ST, Milwaukee, WI",NA,15,5,3,9000,156,53210,2544226.3,393863.737,0,1,0,0,0,0,0,0,0,0,TRUE,"Violent: Assault",43.0632632,-87.9631798
811335,"230130048","1/13/2023 4:00",2023,1,"2435 W WELLS ST, Milwaukee, WI",NA,4,14,3,13700,195,53233,2549921.381,385914.078,0,0,0,1,0,0,0,0,0,0,TRUE,"Property: Vandalism",43.0401727,-87.9436487
812009,"230200019","1/20/2023 2:30",2023,1,"9309 W RIVERWOODS DR, Milwaukee, WI",NA,2,NA,4,304,32,53224,2527031.998,420788.66,0,0,0,1,0,0,0,0,0,0,TRUE,"Property: Vandalism",43.1370836,-88.0277543
838206,"233040021","10/31/2023 2:55",2023,10,"3544 N TEUTONIA AV, Milwaukee, WI","PERSONAL WEAPON",6,4,5,4600,113,53206,2551693.472,401292.517,0,1,0,0,0,0,0,0,0,0,TRUE,"Violent: Assault",43.0827988,-87.9349084
838669,"233090127","11/5/2023 15:17",2023,11,"7700 W THURSTON AV, Milwaukee, WI","HANDGUN",2,2,4,1500,27,53218,2531996.541,414738.665,0,1,0,0,0,0,0,0,0,0,TRUE,"Violent: Assault",43.1208039,-88.0072666
830183,"232160168","8/4/2023 20:30",2023,8,"6406 N 87TH ST, Milwaukee, WI",NA,9,NA,4,600,10,53224,2528621.473,419607.833,0,1,0,0,0,0,0,0,0,0,TRUE,"Violent: Assault",43.1344706,-88.0192559
816730,"230780073","3/19/2023 11:40",2023,3,"502 S 71ST ST, Milwaukee, WI","PERSONAL WEAPON",10,NA,3,12900,212,53214,2534532.447,381241.681,0,1,0,0,0,0,0,0,0,0,TRUE,"Violent: Assault",43.0270821,-88.0008895
822325,"231390142","5/9/2023 21:05",2023,5,"1339 N 36TH ST, Milwaukee, WI",NA,15,14,3,12300,201,53208,2545584.522,388384.638,0,0,0,1,0,0,0,0,0,0,TRUE,"Property: Vandalism",43.0480319,-87.9591154
877538,"P2C23010112","1/11/2023 22:00",2023,1,"214 E FLORIDA ST, Milwaukee, WI",NA,12,NA,1,187400,235,53204,2558916.051,381433.164,0,0,0,1,0,0,0,0,0,0,TRUE,"Property: Vandalism",43.0280115,-87.9090175
835718,"232760189","10/3/2023 20:30",2023,10,"3824 W VLIET ST, Milwaukee, WI","PERSONAL WEAPON",15,11,3,9600,169,53208,2544974.108,388892.353,0,1,0,0,0,0,0,0,0,0,TRUE,"Violent: Assault",43.0489766,-87.9614765
815527,"230630136","3/4/2023 17:00",2023,3,"4848 N LYDELL AV, Milwaukee, WI","PERSONAL WEAPON",6,7,5,4400,124,53217,2557582.727,409370.882,0,1,0,0,0,0,0,0,0,0,TRUE,"Violent: Assault",43.1048069,-87.911131
829335,"232080024","7/27/2023 2:49",2023,7,"7844 W APPLETON AV, Milwaukee, WI",NA,5,NA,7,3300,76,53218,2531518.167,406220.344,0,1,0,0,0,0,0,0,0,0,TRUE,"Violent: Assault",43.0980962,-88.01028
829550,"232100101","7/29/2023 14:40",2023,7,"11513 W BROWN DEER RD, Milwaukee, WI","BLUNT OBJECT",9,18,4,201,1,53224,2519452.205,435131.716,0,1,0,0,0,0,0,0,0,0,TRUE,"Violent: Assault",43.1766633,-88.0548342
821698,"231330125","5/13/2023 16:40",2023,5,"4259 N 27TH ST, Milwaukee, WI","LETHAL CUTTING INSTRUMENT",1,4,5,4100,63,53216,2548368.316,405037.957,0,1,0,1,0,0,0,0,0,0,TRUE,"Violent: Assault",43.0939979,-87.9474185
840938,"233350116","12/1/2023 16:46",2023,12,"5253 N LOVERS LANE RD, Milwaukee, WI","PERSONAL WEAPON,ASPHYXIATION",5,NA,4,400,34,53225,2519155.135,411349.149,0,1,0,0,0,0,0,0,0,0,TRUE,"Violent: Assault",43.1129751,-88.0563107
833953,"232570083","9/14/2023 13:35",2023,9,"2611 N 19TH ST, Milwaukee, WI","FIREARM",15,10,3,8600,147,53206,2551456.834,395319.259,0,1,0,0,0,0,0,0,0,0,TRUE,"Violent: Assault",43.0662523,-87.9364984
815400,"230620076","3/3/2023 13:50",2023,3,"348 W GALENA ST, Milwaukee, WI","HANDGUN",6,13,1,186000,176,53212,2557459.62,390089.532,0,1,0,0,0,0,0,0,0,0,TRUE,"Violent: Assault",43.0512922,-87.9162309
822030,"231360196","5/16/2023 21:20",2023,5,"2765 N 26TH ST, Milwaukee, WI",NA,15,9,5,8800,147,53206,2548799.715,395964.493,0,0,1,0,0,0,0,0,0,0,TRUE,"Property: Burglary",43.0693543,-87.9464176
820752,"231240022","5/4/2023 2:34",2023,5,"4119 N 60TH ST, Milwaukee, WI",NA,2,NA,7,3600,70,53216,2537712.078,404082.009,0,1,0,0,0,0,0,0,0,0,TRUE,"Violent: Assault",43.0923242,-87.987262
831140,"232270037","8/15/2023 0:01",2023,8,"2616 S 66TH ST, Milwaukee, WI",NA,11,NA,6,19300,265,53219,2536505.669,369979.975,0,0,0,1,0,0,0,0,0,1,TRUE,"Property: Vandalism",42.9970432,-87.9942445
810397,"230020109","1/2/2023 13:40",2023,1,"2250 N 18TH ST, Milwaukee, WI","FIREARM",15,10,3,185400,148,53205,2551818.094,392849.813,0,1,0,0,0,0,0,0,0,0,TRUE,"Violent: Assault",43.0598194,-87.9350259
878960,"P2C23080040","8/5/2023 13:00",2023,8,"1872 N COMMERCE ST, Milwaukee, WI",NA,6,NA,5,11400,177,53212,2559445.559,391384.297,0,0,0,1,0,0,0,0,0,0,TRUE,"Property: Vandalism",43.0546621,-87.9051747
820276,"231190028","4/29/2023 2:20",2023,4,"5065 N HOPKINS ST, Milwaukee, WI","PERSONAL WEAPON",1,2,7,2500,51,53209,2544312.388,410577.185,0,1,0,0,0,0,0,0,0,0,TRUE,"Violent: Assault",43.1095921,-87.9627668
839644,"233200105","11/16/2023 13:00",2023,11,"2700 W ATKINSON AV, Milwaukee, WI","OTHER",1,4,5,4200,61,53209,2548358.298,406586.849,0,1,0,0,0,0,0,0,0,0,TRUE,"Violent: Assault",43.097331,-87.947027
816670,"230770062","3/17/2023 14:00",2023,3,"2431 N 41ST ST, Milwaukee, WI",NA,15,5,3,9100,156,53210,2543915.199,393856.047,0,0,1,0,0,0,0,0,0,0,TRUE,"Property: Burglary",43.0631528,-87.9648802
826010,"231740072","4/21/2023 19:35",2023,4,"6074 N 95TH ST, Milwaukee, WI","PERSONAL WEAPON",2,19,4,502,32,53225,2525681.725,417351.888,0,1,0,0,0,0,0,0,0,0,TRUE,"Violent: Assault",43.1285201,-88.030488
877722,"P2C23020144","2/15/2023 16:00",2023,2,"433 W ST PAUL AV, Milwaukee, WI",NA,4,NA,1,187400,187,53203,2557143.214,384053.117,0,0,0,1,0,0,0,0,0,0,TRUE,"Property: Vandalism",43.0340616,-87.9173329
829448,"232090065","7/28/2023 11:18",2023,7,"2904 N 16TH ST, Milwaukee, WI","HANDGUN",6,4,5,6600,112,53206,2552228.746,397319.837,0,1,0,0,0,0,0,0,0,0,TRUE,"Violent: Assault",43.0715822,-87.9326733
840297,"233280008","11/24/2023 0:40",2023,11,"2820 W KILBOURN AV, Milwaukee, WI","PERSONAL WEAPON",4,14,3,13600,199,53208,2548277.705,386383.082,0,1,0,0,0,0,0,0,0,0,TRUE,"Violent: Assault",43.0419879,-87.9497233
835760,"232770069","10/3/2023 13:00",2023,10,"2003 S 15TH ST, Milwaukee, WI",NA,12,16,2,16800,230,53204,2553391.249,374364.324,0,0,1,0,0,0,0,0,0,0,TRUE,"Property: Burglary",43.0081811,-87.9312388
817924,"230930071","4/1/2023 16:00",2023,4,"10413 W KIEHNAU AV, Milwaukee, WI",NA,2,19,4,302,32,53224,2522730.217,420503.659,0,0,0,1,0,0,0,0,0,0,TRUE,"Property: Vandalism",43.1369178,-88.0421275
830386,"232190042","8/7/2023 5:20",2023,8,"3537 N 14TH ST, Milwaukee, WI","HANDGUN",6,4,5,4600,115,53206,2553378.026,401289.931,0,1,0,0,0,0,0,0,0,0,TRUE,"Violent: Assault",43.0825334,-87.9288052
822419,"231400151","5/20/2023 20:34",2023,5,"3301 N OAKLAND AV, Milwaukee, WI","NONE",3,NA,1,7300,127,53211,2564303.7,399899.262,0,0,0,0,0,0,1,0,0,0,TRUE,"Violent: Robbery",43.0778401,-87.8882693
830816,"232230097","8/11/2023 13:00",2023,8,"3032 N 47TH ST, Milwaukee, WI","PERSONAL WEAPON",7,5,7,4900,103,53210,2541754.08,397808.527,0,1,0,0,0,0,0,0,0,0,TRUE,"Violent: Assault",43.0741668,-87.9720575
834574,"232640111","9/21/2023 13:39",2023,9,"2363 S 13TH ST, Milwaukee, WI",NA,12,17,2,17500,255,53215,2554112.133,372383.125,0,1,0,0,0,0,0,0,0,0,TRUE,"Violent: Assault",43.001562,-87.9287047
838945,"233120038","11/8/2023 6:10",2023,11,"4657 N 74TH ST, Milwaukee, WI","PERSONAL WEAPON",2,NA,7,3200,73,53218,2532920.574,407590.407,0,0,0,0,0,0,1,0,0,0,TRUE,"Violent: Robbery",43.1020999,-88.0048472
832552,"232420056","8/30/2023 10:00",2023,8,"1801 W OLIVE ST, Milwaukee, WI","PERSONAL WEAPON",1,4,5,4300,59,53209,2552051.039,405556.961,0,1,0,1,0,0,0,0,0,0,TRUE,"Violent: Assault",43.09234,-87.9331629
819335,"231080191","4/18/2023 21:07",2023,4,"5485 N HOPKINS ST, Milwaukee, WI",NA,1,2,4,2000,49,53209,2543398.836,413230.922,0,1,0,0,0,0,0,0,0,0,TRUE,"Violent: Assault",43.1174041,-87.9660176
819508,"231100157","4/20/2023 16:28",2023,4,"2157 N 39TH ST, Milwaukee, WI","LETHAL CUTTING INSTRUMENT",15,11,3,9000,156,53208,2544569.618,392061.85,0,1,0,0,0,0,0,0,0,0,TRUE,"Violent: Assault",43.0587213,-87.9625883
842858,"233560107","12/22/2023 1:30",2023,12,"2604 W CAPITOL DR, Milwaukee, WI","PERSONAL WEAPON",1,4,5,4200,60,53206,2548710.267,403937.603,0,1,0,0,0,0,0,0,0,0,TRUE,"Violent: Assault",43.0900278,-87.9460803
832715,"232440021","8/31/2023 4:45",2023,8,"1931 W BURNHAM ST, Milwaukee, WI","PERSONAL WEAPON",8,15,2,16900,224,53204,2551883.481,375024.677,0,1,0,0,0,0,0,0,0,0,TRUE,"Violent: Assault",43.0100855,-87.937685
812698,"230270138","1/27/2023 20:45",2023,1,"7463 N TEUTONIA AV, Milwaukee, WI","NONE",1,NA,4,900,18,53209,2544843.924,426909.17,0,1,0,0,0,0,0,0,0,0,TRUE,"Violent: Assault",43.1533619,-87.9587089
811930,"230190049","1/18/2023 13:00",2023,1,"8324 N 93RD ST, Milwaukee, WI","ASPHYXIATION",9,NA,4,202,6,53224,2526160.469,432216.692,0,1,0,0,0,0,0,0,0,0,TRUE,"Violent: Assault",43.1696573,-88.0277682
813381,"230360197","2/4/2023 15:30",2023,2,"6025 W LISBON AV, Milwaukee, WI","HANDGUN",10,5,7,5900,164,53210,2537762.941,395777.182,0,0,0,0,0,0,1,0,0,0,TRUE,"Violent: Robbery",43.0682445,-87.9879892
810450,"230030009","1/3/2023 0:40",2023,1,"9153 N 86TH CT, Milwaukee, WI","PERSONAL WEAPON",9,NA,4,101,3,53224,2528785.903,437708.7,0,1,0,0,0,0,0,0,0,0,TRUE,"Violent: Assault",43.1841898,-88.0173436
817626,"230890091","3/30/2023 13:23",2023,3,"315 N JEFFERSON ST, Milwaukee, WI",NA,4,NA,1,187400,186,53202,2560182.297,383887.627,0,0,0,1,0,1,0,0,0,0,TRUE,"Property: Vandalism",43.0343525,-87.9051481
822730,"231430147","5/23/2023 14:50",2023,5,"5967 N 62ND ST, Milwaukee, WI","HANDGUN",9,2,4,1200,24,53218,2537049.386,416431.892,0,1,0,0,0,0,0,0,0,0,TRUE,"Violent: Assault",43.1263184,-87.9885044
815958,"230680078","3/9/2023 4:30",2023,3,"4611 N 40TH ST, Milwaukee, WI",NA,7,1,7,2600,64,53209,2544071.02,407829.871,0,0,0,1,0,0,0,0,0,0,TRUE,"Property: Vandalism",43.1010718,-87.9630286
826542,"231790169","6/28/2023 19:55",2023,6,"8101 N MICHELLE CT, Milwaukee, WI",NA,9,NA,4,202,6,53224,2525691.763,431007.064,0,1,0,0,0,0,0,0,0,0,TRUE,"Violent: Assault",43.1655984,-88.0297514
878666,"P2C23070044","6/30/2023 23:00",2023,6,"1609 E ROYALL PL, Milwaukee, WI",NA,3,NA,1,187000,182,53202,2563575.609,391259.451,0,0,0,1,0,0,0,0,0,0,TRUE,"Property: Vandalism",43.0536146,-87.8910819
827113,"231850040","7/3/2023 22:30",2023,7,"6451 N 105TH ST, Milwaukee, WI","HANDGUN",2,19,4,302,32,53224,2522428.377,419391.233,0,1,0,0,0,0,0,0,0,0,TRUE,"Violent: Assault",43.1353526,-88.0430821
832747,"232440076","9/1/2023 15:00",2023,9,"3733 S 13TH ST, Milwaukee, WI","PERSONAL WEAPON",13,NA,6,20300,288,53221,2554192.449,363107.503,0,1,0,0,0,0,0,0,0,0,TRUE,"Violent: Assault",42.976666,-87.9293692
828706,"232010124","3/31/2023 0:00",2023,3,"3500 W WRIGHT ST, Milwaukee, WI","BLUNT OBJECT",15,8,3,6200,154,53210,2545810.156,394566.664,0,1,0,0,0,0,0,0,0,0,TRUE,"Violent: Assault",43.064347,-87.957632
826953,"231830108","7/2/2023 5:19",2023,7,"3856 N 39TH ST, Milwaukee, WI",NA,7,5,7,3900,101,53216,2544361.816,402436.848,0,0,1,0,0,0,0,0,0,0,TRUE,"Property: Burglary",43.0871951,-87.9618682
838086,"233020155","10/29/2023 20:39",2023,10,"7135 W SILVER SPRING DR, Milwaukee, WI",NA,2,2,4,1800,41,53218,2534357.397,414430.91,0,1,0,0,0,0,0,0,0,0,TRUE,"Violent: Assault",43.1191387,-88.0007207
822464,"231410050","5/21/2023 2:00",2023,5,"3972 N 27TH ST, Milwaukee, WI","BLUNT OBJECT",7,4,5,4700,107,53216,2548375.584,403303.252,0,1,0,0,0,0,0,0,0,0,TRUE,"Violent: Assault",43.0890904,-87.9467289
841468,"233410001","12/6/2023 23:00",2023,12,"5411 N 67TH ST, Milwaukee, WI","HANDGUN",2,2,4,1800,43,53218,2535381.857,412965.56,0,1,0,0,0,0,0,0,0,0,TRUE,"Violent: Assault",43.1164833,-87.9947733
824399,"231580044","6/7/2023 8:55",2023,6,"3709 W FOND DU LAC AV, Milwaukee, WI",NA,7,5,7,4800,104,53216,2545077.812,399196.604,0,1,0,0,0,0,0,0,0,0,TRUE,"Violent: Assault",43.0771407,-87.9600674
835143,"232700120","9/18/2023 8:00",2023,9,"7931 W KATHRYN AV, Milwaukee, WI",NA,2,NA,7,1700,39,53218,2531378.996,411232.071,0,1,0,0,0,0,0,0,0,0,TRUE,"Violent: Assault",43.1102654,-88.0105489
816344,"230730076","3/9/2023 15:36",2023,3,"5974 N 83RD ST, Milwaukee, WI","OTHER",2,2,4,1500,27,53218,2530039.298,416338.141,0,1,0,0,0,0,0,0,0,0,TRUE,"Violent: Assault",43.1263403,-88.0144245
839567,"233190124","11/15/2023 17:49",2023,11,"5435 N 64TH ST, Milwaukee, WI","PERSONAL WEAPON",2,2,4,1800,43,53218,2536383.809,413292.554,0,1,0,1,0,0,0,0,0,0,TRUE,"Violent: Assault",43.1169722,-87.9913078
841697,"233430085","12/8/2023 19:30",2023,12,"1232 S 7TH ST, Milwaukee, WI",NA,12,16,2,16500,236,53204,2556318.093,378364.033,0,0,0,1,0,0,0,0,0,0,TRUE,"Property: Vandalism",43.0184063,-87.9193761
829524,"232100046","7/28/2023 23:30",2023,7,"8136 W CASPER ST, Milwaukee, WI",NA,9,NA,4,600,11,53223,2530668.256,422009.839,0,0,1,0,0,0,0,0,0,0,TRUE,"Property: Burglary",43.1406947,-88.0128029
839209,"233150025","11/11/2023 4:21",2023,11,"2777 N 36TH ST, Milwaukee, WI","OTHER",15,5,7,6200,153,53210,2545471.716,395885.674,0,1,0,0,0,0,0,0,0,0,TRUE,"Violent: Assault",43.0695961,-87.9589025
843584,"233650085","12/31/2023 8:45",2023,12,"3125 N BUFFUM ST, Milwaukee, WI","PERSONAL WEAPON",6,6,5,7000,123,53212,2559336.742,398726.09,0,1,0,0,0,0,0,0,0,0,TRUE,"Violent: Assault",43.0754064,-87.9067286
843028,"233580111","12/24/2023 19:54",2023,12,"4500 N 37TH ST, Milwaukee, WI","HANDGUN",7,1,7,2600,64,53209,2545026.065,407192.568,0,1,0,0,0,0,1,0,0,0,TRUE,"Violent: Assault",43.0990886,-87.9589564
828906,"232030157","7/22/2023 22:10",2023,7,"141 N 60TH ST, Milwaukee, WI",NA,10,NA,3,12600,207,53213,2538069.558,382651.295,0,1,0,0,0,0,0,0,0,0,TRUE,"Violent: Assault",43.0323818,-87.9877726
838785,"233100162","11/6/2023 5:30",2023,11,"3125 S 19TH ST, Milwaukee, WI",NA,13,NA,6,20100,286,53215,2551883.125,367051.356,0,0,1,0,0,0,0,0,0,0,TRUE,"Property: Burglary",42.9877398,-87.9375503
823316,"231480193","5/28/2023 19:39",2023,5,"749 W STATE ST, Milwaukee, WI","HANDGUN",4,NA,1,186300,188,53233,2555945.87,387042.719,0,1,0,0,0,0,0,0,0,0,TRUE,"Violent: Assault",43.0427127,-87.921181
878662,"P2C23070040","6/30/2023 16:00",2023,6,"924 S 5TH ST, Milwaukee, WI",NA,12,16,2,186500,235,53204,2557046.385,379497.805,0,0,0,1,0,0,0,0,0,0,TRUE,"Property: Vandalism",43.0214539,-87.9164593
824053,"231550037","6/4/2023 3:45",2023,6,"4421 N 44TH ST, Milwaukee, WI",NA,7,1,7,2700,67,53218,2542627.505,406578.667,0,1,0,1,0,0,0,0,0,0,TRUE,"Violent: Assault",43.0976208,-87.9684556
835822,"232770202","10/2/2023 15:00",2023,10,"4400 W CONCORDIA AV, Milwaukee, WI","PERSONAL WEAPON",7,5,7,4900,102,53216,2542701.585,399916.323,0,1,0,0,0,0,0,0,0,0,TRUE,"Violent: Assault",43.079231,-87.968773
820357,"231190177","4/29/2023 18:00",2023,4,"7881 N 60TH ST, Milwaukee, WI",NA,9,NA,4,700,14,53223,2537616.584,428815.826,0,1,0,0,0,0,0,0,0,0,TRUE,"Violent: Assault",43.1612746,-87.9854094
821991,"231360127","5/16/2023 15:00",2023,5,"6641 N 75TH ST, Milwaukee, WI",NA,9,NA,4,600,12,53223,2532504.13,421481.254,0,0,1,0,0,0,0,0,0,0,TRUE,"Property: Burglary",43.1387252,-88.0051584
821469,"231310060","5/11/2023 11:03",2023,5,"8534 W POTOMAC AV, Milwaukee, WI",NA,5,NA,7,1700,36,53225,2529131.68,409212.462,0,0,1,0,0,0,0,0,0,0,TRUE,"Property: Burglary",43.1062232,-88.0190678
824229,"231560119","5/31/2023 8:00",2023,5,"3256 N 17TH ST, Milwaukee, WI",NA,6,4,5,6800,113,53206,2552399.392,399723.864,0,0,1,0,0,0,0,0,0,0,TRUE,"Property: Burglary",43.0782064,-87.9320746
817880,"230920155","4/2/2023 18:45",2023,4,"1120 N BROADWAY, Milwaukee, WI",NA,4,NA,1,14400,185,53202,2559078.895,387774.905,0,0,0,1,0,0,0,0,0,0,TRUE,"Property: Vandalism",43.045345,-87.9082553
836348,"232830147","10/10/2023 18:45",2023,10,"2823 N 34TH ST, Milwaukee, WI","PERSONAL WEAPON",15,5,7,8900,152,53210,2546095.119,396565.169,0,1,0,0,0,0,0,0,0,0,TRUE,"Violent: Assault",43.0703037,-87.9564521
825399,"231680087","6/17/2023 13:25",2023,6,"3947 N 63RD ST, Milwaukee, WI","FIREARM",2,NA,7,5100,70,53216,2536689.384,403035.819,0,0,0,0,0,0,1,0,0,0,TRUE,"Violent: Robbery",43.0891553,-87.9911008
835933,"232790048","9/30/2023 12:00",2023,9,"2936 W KILBOURN AV, Milwaukee, WI","BLUNT OBJECT,LETHAL CUTTING INSTRUMENT",4,14,3,13600,199,53208,2547819.468,386373.553,0,0,0,0,0,0,1,0,0,0,TRUE,"Violent: Robbery",43.0419283,-87.9518292
812838,"230300009","1/29/2023 16:30",2023,1,"4422 W HAMPTON AV, Milwaukee, WI","HANDGUN",1,2,7,2800,50,53218,2542679.748,409205.219,0,0,1,0,0,0,0,0,0,0,TRUE,"Property: Burglary",43.1049297,-87.968696
834320,"232610132","7/27/2023 0:01",2023,7,"2346 N RICHARDS ST, Milwaukee, WI",NA,6,6,5,10600,139,53212,2559104.515,393430.702,0,0,1,0,0,0,0,0,0,1,TRUE,"Property: Burglary",43.0613181,-87.9075664
835235,"232710094","9/28/2023 14:22",2023,9,"2454 N 44TH ST, Milwaukee, WI",NA,15,5,3,9100,158,53210,2542783.105,393829.354,0,1,0,0,0,0,0,0,0,0,TRUE,"Violent: Assault",43.0636913,-87.9685671
816591,"230760056","2/23/2023 9:59",2023,2,"3720 N 9TH ST, Milwaukee, WI","PERSONAL WEAPON,ASPHYXIATION",6,4,5,4500,118,53206,2555027.385,402139.925,0,1,0,0,0,0,0,0,0,0,TRUE,"Violent: Assault",43.0849211,-87.9220196
827529,"231890077","7/7/2023 23:30",2023,7,"3305 N FRATNEY ST, Milwaukee, WI","FIREARM",3,NA,5,7200,125,53212,2560663.387,400079.743,0,0,0,1,0,0,0,0,0,0,TRUE,"Property: Vandalism",43.0785449,-87.9016928
822697,"231430084","5/22/2023 21:00",2023,5,"9012 W FAIRMOUNT AV, Milwaukee, WI",NA,5,NA,7,1700,36,53225,2527476.108,410286.234,0,0,1,0,0,0,0,0,0,0,TRUE,"Property: Burglary",43.108823,-88.0253098
825569,"231700055","6/19/2023 6:00",2023,6,"2132 W MIDDLEMASS ST, Milwaukee, WI",NA,8,17,2,17400,224,53215,2550918.581,373514.156,0,1,0,0,0,0,0,0,0,0,TRUE,"Violent: Assault",43.0059214,-87.9411758
823904,"231530175","6/2/2023 21:18",2023,6,"2515 N 38TH ST, Milwaukee, WI","FIREARM",15,5,3,6200,154,53210,2544852.181,394540.211,0,1,0,0,0,0,0,0,0,0,TRUE,"Violent: Assault",43.0647104,-87.961303
837327,"232950017","10/22/2023 0:40",2023,10,"1900 W LAYTON AV, Milwaukee, WI","PERSONAL WEAPON",13,NA,6,21400,308,53221,2552907.518,356472.847,0,1,0,0,0,0,0,0,0,0,TRUE,"Violent: Assault",42.9596898,-87.9376581
835159,"232700142","9/27/2023 17:30",2023,9,"120 E NATIONAL AV, Milwaukee, WI","FIREARM",12,16,2,186500,240,53204,2558537.02,379913.54,0,1,0,0,0,0,0,0,0,0,TRUE,"Violent: Assault",43.0238319,-87.9098654
842998,"233580066","12/23/2023 20:00",2023,12,"925 N MARTIN L KING JR DR, Milwaukee, WI","PERSONAL WEAPON",NA,NA,NA,NA,NA,NA,NA,NA,0,1,0,0,0,0,0,0,0,0,TRUE,"Violent: Assault",43.041980676571,-87.914552957495
839005,"233120178","11/8/2023 22:40",2023,11,"1502 E ROYALL PL, Milwaukee, WI",NA,3,NA,1,10800,182,53202,2563270.244,391461.19,0,0,0,1,0,0,0,0,0,0,TRUE,"Property: Vandalism",43.054638,-87.8920494
834385,"232620095","9/1/2023 20:00",2023,9,"4740 W HAMPTON AV, Milwaukee, WI",NA,1,2,7,2800,47,53218,2541714.532,409185.928,0,0,0,1,0,0,0,0,0,0,TRUE,"Property: Vandalism",43.1049323,-87.9725991
837435,"232960024","10/22/2023 23:00",2023,10,"2207 S MUSKEGO AV, Milwaukee, WI","PERSONAL WEAPON",8,17,2,17300,223,53215,2550135.271,373018.561,0,0,0,0,0,0,1,0,0,0,TRUE,"Violent: Robbery",43.0047242,-87.9436405
879807,"P2C23110148","11/16/2023 0:56",2023,11,"3266 S 16TH ST, Milwaukee, WI",NA,13,NA,6,20400,286,53215,2552831.753,366406.15,0,0,0,1,0,0,0,0,0,0,TRUE,"Property: Vandalism",42.9850692,-87.9335446
810912,"230080064","1/8/2023 12:26",2023,1,"7310 W MILL RD, Milwaukee, WI","HANDGUN",9,NA,4,600,12,53218,2533239.012,419728.373,0,1,0,0,0,0,0,0,0,0,TRUE,"Violent: Assault",43.1344287,-88.0026679
839114,"233140018","11/10/2023 3:15",2023,11,"8002 W FOND DU LAC AV, Milwaukee, WI",NA,2,NA,4,1600,40,53218,2531051.419,413505.506,0,0,0,1,0,0,0,0,0,0,TRUE,"Property: Vandalism",43.1175376,-88.0107474
829334,"232080022","7/26/2023 22:45",2023,7,"10436 W BIRCH AV, Milwaukee, WI","PERSONAL WEAPON",5,NA,4,501,35,53225,2522944.746,413418.508,0,1,0,0,0,0,0,0,0,0,TRUE,"Violent: Assault",43.1176676,-88.0432082
812268,"230220137","1/22/2023 19:50",2023,1,"1430 N 30TH ST, Milwaukee, WI","FIREARM",15,11,3,12200,171,53208,2547604.48,388925.971,0,1,0,0,0,0,0,0,0,0,TRUE,"Violent: Assault",43.0494207,-87.9510231
879994,"P2C23120120","12/11/2023 19:00",2023,12,"1024 E STATE ST, Milwaukee, WI",NA,4,NA,1,14300,185,53202,2561475.939,387584.558,0,0,0,1,0,0,0,0,0,0,TRUE,"Property: Vandalism",43.0446376,-87.8988068
817296,"230850060","3/26/2023 12:01",2023,3,"1603 N 32ND ST, Milwaukee, WI","HANDGUN",15,11,3,9700,170,53208,2546825.771,389925.926,0,1,0,0,0,0,0,0,0,0,TRUE,"Violent: Assault",43.0516232,-87.9542872
814559,"230510039","2/19/2023 19:00",2023,2,"7615 W MILL RD, Milwaukee, WI",NA,2,NA,4,1400,28,53218,2532293.07,419718.811,0,0,0,1,0,0,0,0,0,0,TRUE,"Property: Vandalism",43.1333845,-88.0064109
811681,"230160144","1/16/2023 12:04",2023,1,"401 E CAPITOL DR, Milwaukee, WI",NA,6,7,5,4400,124,53212,2558987.437,404004.853,0,0,0,1,0,0,0,0,0,0,TRUE,"Property: Vandalism",43.0876381,-87.905947
818730,"231020094","4/6/2023 16:00",2023,4,"3295 N MARTIN L KING JR DR, Milwaukee, WI",NA,6,6,5,6800,121,53212,2556915.982,399696.325,0,0,1,1,0,0,0,0,0,0,TRUE,"Property: Burglary",43.078608016054,-87.916416995188
835897,"232780137","10/5/2023 19:30",2023,10,"1831 W WRIGHT ST, Milwaukee, WI","PERSONAL WEAPON",15,10,3,185400,148,53206,2551794.862,394661.216,0,1,0,0,0,0,0,0,0,0,TRUE,"Violent: Assault",43.0639629,-87.936043
830259,"232170134","8/5/2023 20:00",2023,8,"5230 N SHERMAN BL, Milwaukee, WI","PERSONAL WEAPON",1,2,4,2000,52,53209,2542996.808,411888.492,0,1,0,0,0,0,0,0,0,0,TRUE,"Violent: Assault",43.112742017541,-87.965468982219
841858,"233450090","12/11/2023 4:32",2023,12,"4143 N 76TH ST, Milwaukee, WI",NA,5,NA,7,3400,75,53222,2532283.575,404305.95,0,0,1,0,0,0,0,0,0,0,TRUE,"Property: Burglary",43.0928727,-88.0076666
826989,"231830173","7/2/2023 18:30",2023,7,"3076 N 2ND ST, Milwaukee, WI",NA,6,6,5,7000,122,53212,2557740.806,398044.051,0,0,1,0,0,0,0,0,0,0,TRUE,"Property: Burglary",43.0746861,-87.9122189
822540,"231410203","5/21/2023 21:55",2023,5,"2078 S 8TH ST, Milwaukee, WI","LETHAL CUTTING INSTRUMENT",12,16,2,16700,239,53204,2555955.311,374079.529,0,1,0,0,0,0,0,0,0,0,TRUE,"Violent: Assault",43.0066072,-87.9212132
834426,"232630021","8/31/2023 3:20",2023,8,"3978 N 28TH ST, Milwaukee, WI",NA,7,4,5,4700,107,53216,2548046.783,403092.555,0,0,0,1,0,0,0,0,0,0,TRUE,"Property: Vandalism",43.0892262,-87.948023
878270,"P2C23050068","5/5/2023 15:40",2023,5,"3617 W GREENFIELD AV, Milwaukee, WI",NA,8,15,2,16100,217,53215,2545850.895,377298.819,0,0,0,1,0,0,0,0,0,0,TRUE,"Property: Vandalism",43.0167366,-87.9593896
825642,"231700204","6/19/2023 22:10",2023,6,"808 N 24TH ST, Milwaukee, WI","PERSONAL WEAPON,BLUNT OBJECT",4,14,3,14800,194,53233,2549921.381,385914.078,0,1,0,1,0,0,0,0,0,0,TRUE,"Violent: Assault",43.0405115,-87.9426731
816353,"230730097","3/14/2023 9:30",2023,3,"1500 W KEEFE AV, Milwaukee, WI","FIREARM",6,4,5,4600,115,53206,2553052.172,401109.168,0,1,0,0,0,0,0,0,0,0,TRUE,"Violent: Assault",43.081806,-87.92993
813246,"230350111","2/4/2023 17:40",2023,2,"2830 W HIGHLAND BL, Milwaukee, WI","FIREARM",4,14,3,13600,193,53208,2548574.205,387439.533,0,1,0,0,0,0,0,0,0,0,TRUE,"Violent: Assault",43.044940006474,-87.950007975078
831266,"232280127","8/16/2023 18:00",2023,8,"5949 N 83RD ST, Milwaukee, WI","LETHAL CUTTING INSTRUMENT",2,2,4,1500,27,53218,2530039.298,416338.141,0,1,0,0,0,0,1,0,0,0,TRUE,"Violent: Assault",43.1260697,-88.0148365
817951,"230930124","4/3/2023 13:00",2023,4,"4641 N 27TH ST, Milwaukee, WI",NA,1,2,5,2400,62,53209,2548337.667,408316.14,0,0,0,1,0,0,0,0,0,0,TRUE,"Property: Vandalism",43.1017458,-87.9471037
840440,"233290147","11/5/2023 22:00",2023,11,"3015 N 25TH ST, Milwaukee, WI","HANDGUN",7,4,5,6400,111,53206,2549102.491,397964.12,0,1,0,0,0,0,0,0,0,0,TRUE,"Violent: Assault",43.0737822,-87.9450677
811599,"230160009","1/15/2023 18:00",2023,1,"5200 N 83RD ST, Milwaukee, WI","FIREARM",2,NA,4,1600,40,53218,2530127.427,411679.849,0,0,0,0,0,0,1,0,0,0,TRUE,"Violent: Robbery",43.112368,-88.014495
822570,"231420051","5/22/2023 2:16",2023,5,"3600 S CLEMENT AV, Milwaukee, WI",NA,14,NA,6,20700,301,53207,2563432.669,364029.204,0,0,1,0,0,0,0,0,0,0,TRUE,"Property: Burglary",42.9790335,-87.8939694
810837,"230070076","1/7/2023 14:30",2023,1,"1434 N 26TH ST, Milwaukee, WI",NA,15,12,3,186100,172,53205,2548940.347,388948.12,1,0,0,0,0,0,0,0,0,0,TRUE,"Property: Arson",43.0494046,-87.9460244
827619,"231900098","7/9/2023 4:00",2023,7,"1401 E BRADY ST, Milwaukee, WI",NA,3,NA,1,11000,182,53202,2562934.129,390863.82,0,0,1,0,0,0,0,0,0,0,TRUE,"Property: Burglary",43.0526919,-87.8938475
822703,"231430092","5/23/2023 11:30",2023,5,"1615 E LOCUST ST, Milwaukee, WI","PERSONAL WEAPON",3,NA,1,7800,128,53211,2563677.144,397480.712,0,1,0,0,0,0,0,0,0,0,TRUE,"Violent: Assault",43.0701823,-87.8903303
821243,"231290019","5/9/2023 2:15",2023,5,"6222 W FOND DU LAC AV, Milwaukee, WI",NA,2,NA,7,3100,71,53218,2537013.534,407422.375,0,0,0,1,0,0,0,0,0,0,TRUE,"Property: Vandalism",43.1005949,-87.9891822
817525,"230880062","3/24/2023 15:30",2023,3,"2556 N 44TH ST, Milwaukee, WI",NA,15,5,3,6100,159,53210,2542774.323,394491.356,0,1,0,0,0,0,0,0,0,0,TRUE,"Violent: Assault",43.0652856,-87.9686983
836843,"232890093","10/15/2023 20:00",2023,10,"224 W WRIGHT ST, Milwaukee, WI","PERSONAL WEAPON",6,6,5,185700,141,53212,2557796.525,394734.994,0,1,0,1,0,0,0,0,0,0,TRUE,"Violent: Assault",43.0641467,-87.9133485
819189,"231070100","4/17/2023 15:00",2023,4,"1 W UNKNOWN WA, Milwaukee, WI","FIREARM",NA,NA,NA,NA,NA,NA,NA,NA,0,1,0,0,0,0,0,0,0,0,TRUE,"Violent: Assault",43.041072,-87.909421
834262,"232610017","9/18/2023 1:00",2023,9,"4401 N 51ST BL, Milwaukee, WI","UNKNOWN",7,1,7,3100,68,53218,2540330.483,406444.129,0,0,0,0,0,0,1,0,0,0,TRUE,"Violent: Robbery",43.0974620176,-87.977303978045
828535,"231990150","7/18/2023 8:00",2023,7,"4308 N 48TH ST, Milwaukee, WI",NA,7,1,7,4000,69,53216,2541275.492,405769.989,0,1,0,0,0,0,0,0,0,0,TRUE,"Violent: Assault",43.0955711,-87.9731286
841716,"233430115","12/9/2023 17:14",2023,12,"5170 N 76TH ST, Milwaukee, WI","ASPHYXIATION,PERSONAL WEAPON",2,NA,7,3000,42,53218,2532417.25,411440.36,0,1,0,0,0,0,0,0,0,0,TRUE,"Violent: Assault",43.1117583,-88.005531
815478,"230630051","3/4/2023 8:00",2023,3,"6322 W FOND DU LAC AV, Milwaukee, WI",NA,2,NA,7,3100,71,53218,2537013.534,407422.375,0,1,0,0,0,0,0,0,0,0,TRUE,"Violent: Assault",43.1013332,-87.9904479
835076,"232690134","9/24/2023 18:00",2023,9,"4275 N 27TH ST, Milwaukee, WI",NA,1,4,5,4100,63,53216,2548368.316,405037.957,0,0,0,1,0,0,0,0,0,0,TRUE,"Property: Vandalism",43.0945507,-87.9472715
839111,"233140013","11/9/2023 18:08",2023,11,"8000 W BENDER AV, Milwaukee, WI",NA,2,2,4,1400,28,53218,2531012.384,419020.782,0,1,0,0,0,0,0,0,0,0,TRUE,"Violent: Assault",43.1325433,-88.010979
844499,"240100035","12/27/2023 8:00",2023,12,"6012 N 109TH ST, Milwaukee, WI","NONE",5,19,4,303,33,53225,2521190.239,416695.505,0,1,0,0,0,0,0,0,0,0,TRUE,"Violent: Assault",43.1271331,-88.0474918
843135,"233600026","12/26/2023 2:59",2023,12,"6344 N 100TH ST, Milwaukee, WI",NA,2,19,4,303,32,53225,2524060.975,418761.774,0,1,0,1,0,0,0,0,0,0,TRUE,"Violent: Assault",43.133145,-88.0363088
831297,"232290025","8/17/2023 3:15",2023,8,"1004 W LINCOLN AV, Milwaukee, WI",NA,12,17,2,17600,250,53215,2555101.893,372403.072,0,0,0,1,0,1,0,0,0,0,TRUE,"Property: Vandalism",43.0032173,-87.9250347
830758,"232220173","8/10/2023 22:40",2023,8,"9029 W CUSTER AV, Milwaukee, WI",NA,2,NA,4,1600,37,53225,2527461.182,412789.702,0,1,0,0,0,0,0,0,0,0,TRUE,"Violent: Assault",43.1153663,-88.0253481
828212,"231960097","7/15/2023 14:15",2023,7,"3124 W SILVER SPRING DR, Milwaukee, WI",NA,1,2,4,1000,20,53209,2546940.954,414644.761,0,1,0,0,0,0,0,0,0,0,TRUE,"Violent: Assault",43.1194548,-87.9522576
828351,"231970164","7/16/2023 20:35",2023,7,"3626 W FOND DU LAC AV, Milwaukee, WI",NA,7,5,7,4800,104,53216,2545428.207,398843.551,0,0,0,1,0,0,0,0,0,0,TRUE,"Property: Vandalism",43.0772106,-87.9593652
824000,"231540159","6/3/2023 17:50",2023,6,"9025 W MILL RD, Milwaukee, WI","LETHAL CUTTING INSTRUMENT",2,NA,4,1400,29,53225,2527704.031,419581.336,0,1,0,0,0,0,0,0,0,0,TRUE,"Violent: Assault",43.1337819,-88.0250098
834983,"232680142","9/25/2023 17:00",2023,9,"9265 N 75TH ST, Milwaukee, WI",NA,9,NA,4,101,4,53223,2532631.654,438041.317,0,1,0,0,0,0,0,0,0,0,TRUE,"Violent: Assault",43.1881621,-88.0037753
838710,"233100025","11/6/2023 2:00",2023,11,"731 N 25TH ST, Milwaukee, WI","FIREARM",4,14,3,13700,195,53233,2549383.634,385332.479,0,1,0,1,0,0,0,0,0,0,TRUE,"Violent: Assault",43.0394216,-87.9453946
827918,"231930116","7/12/2023 17:20",2023,7,"6108 W PORT AV, Milwaukee, WI",NA,9,NA,4,700,14,53223,2537616.584,428815.826,0,1,0,0,0,0,0,0,0,0,TRUE,"Violent: Assault",43.15858,-87.9869619
840069,"233240130","11/15/2023 10:00",2023,11,"6502 W GIRARD AV, Milwaukee, WI",NA,10,NA,7,5800,92,53210,2536514.681,397396.405,0,0,1,1,0,0,0,0,0,0,TRUE,"Property: Burglary",43.0728666,-87.9930592
826395,"231780074","6/27/2023 11:00",2023,6,"3401 W WELLS ST, Milwaukee, WI",NA,4,14,3,13500,198,53208,2546383.179,385843.615,0,0,0,1,0,0,0,0,0,0,TRUE,"Property: Vandalism",43.0399879,-87.9563341
827867,"231930020","7/12/2023 5:00",2023,7,"2805 S 7TH ST, Milwaukee, WI","PERSONAL WEAPON,LETHAL CUTTING INSTRUMENT",14,17,6,18600,252,53215,2556411.018,369095.105,0,1,0,0,0,0,0,0,0,0,TRUE,"Violent: Assault",42.9934986,-87.920414
877815,"P2C23020244","2/24/2023 0:00",2023,2,"615 E BRADY ST, Milwaukee, WI",NA,3,NA,1,11300,183,53202,2560092.856,390797.514,0,0,0,1,0,0,0,0,0,0,TRUE,"Property: Vandalism",43.0527541,-87.9041937
828698,"232010110","7/20/2023 13:30",2023,7,"8949 N 97TH ST, Milwaukee, WI","FIREARM",9,18,4,201,1,53224,2524751.688,436132.945,0,1,0,0,0,0,0,0,0,0,TRUE,"Violent: Assault",43.1813525,-88.033613
818145,"230950146","4/5/2023 18:15",2023,4,"3430 W WALNUT ST, Milwaukee, WI","FIREARM",15,11,3,9700,170,53208,2546180.866,390416.786,0,1,0,0,0,0,0,0,0,0,TRUE,"Violent: Assault",43.0530822,-87.9574142
824795,"231620081","6/11/2023 12:40",2023,6,"2778 N 34TH ST, Milwaukee, WI","HANDGUN",15,5,7,8900,152,53210,2546103.573,395901.574,0,1,0,0,0,0,0,0,0,0,TRUE,"Violent: Assault",43.0695953,-87.9560318
835676,"232760098","10/3/2023 13:00",2023,10,"3335 S 27TH ST, Milwaukee, WI",NA,11,NA,6,20000,281,53215,2548970.755,365731.531,0,0,0,1,0,0,0,0,0,1,TRUE,"Property: Vandalism",42.9842627,-87.9480864
825811,"231720111","6/21/2023 11:00",2023,6,"8030 W MEDFORD AV, Milwaukee, WI","PERSONAL WEAPON",2,NA,4,1600,40,53218,2531492.508,412536.32,0,1,0,0,0,0,0,0,0,0,TRUE,"Violent: Assault",43.1158411,-88.0109942
816787,"230790020","3/20/2023 2:00",2023,3,"1418 N 9TH ST, Milwaukee, WI",NA,6,13,5,14100,176,53205,2555169.491,389046.589,1,0,0,0,0,0,0,0,0,0,TRUE,"Property: Arson",43.0490482,-87.92248
836715,"232880023","10/14/2023 21:30",2023,10,"8846 W POTOMAC AV, Milwaukee, WI","PERSONAL WEAPON",5,NA,7,1700,36,53225,2528000.48,410370.77,0,1,0,0,0,0,0,0,0,0,TRUE,"Violent: Assault",43.1092313,-88.0228839
830237,"232170084","8/5/2023 13:25",2023,8,"3716 W SARNOW ST, Milwaukee, WI","PERSONAL WEAPON",15,11,3,9600,169,53208,2545236.868,390759.622,0,0,0,0,0,0,1,0,0,0,TRUE,"Violent: Robbery",43.054296,-87.9603673
822024,"231360184","5/16/2023 20:20",2023,5,"8859 N SWAN RD, Milwaukee, WI","PERSONAL WEAPON",9,NA,4,201,2,53224,2526965.001,435473.391,0,1,0,0,0,0,0,0,0,0,TRUE,"Violent: Assault",43.1789136,-88.0261096
836038,"232800076","10/7/2023 13:22",2023,10,"3627 N 63RD ST, Milwaukee, WI",NA,10,NA,7,5100,91,53216,2536714.316,401053.493,0,1,0,0,0,0,0,0,0,0,TRUE,"Violent: Assault",43.0842115,-87.9912117
822648,"231420212","5/22/2023 21:38",2023,5,"3101 W TOWNSEND ST, Milwaukee, WI",NA,7,4,5,6300,105,53216,2547416.575,400761.836,1,0,0,0,0,0,0,0,0,0,TRUE,"Property: Arson",43.0809209,-87.9528151
839822,"233220081","11/17/2023 17:30",2023,11,"1684 N CASS ST, Milwaukee, WI",NA,3,NA,1,11100,183,53202,2560701.389,390377.719,0,0,0,1,0,0,0,0,0,0,TRUE,"Property: Vandalism",43.052622,-87.901793
839833,"233220103","11/18/2023 14:15",2023,11,"8680 W SILVER SPRING DR, Milwaukee, WI","LETHAL CUTTING INSTRUMENT",2,2,4,1500,30,53225,2528702.831,414309.643,0,1,0,0,0,0,0,0,0,0,TRUE,"Violent: Assault",43.1198404,-88.0206877
837213,"232930096","10/20/2023 14:15",2023,10,"3885 N PORT WASHINGTON AV, Milwaukee, WI","HANDGUN",6,6,5,4500,118,53212,2556344.563,403151.144,0,0,0,0,0,0,1,0,0,0,TRUE,"Violent: Robbery",43.0878649,-87.9174746
823187,"231470181","5/27/2023 19:30",2023,5,"5909 N TEUTONIA AV, Milwaukee, WI",NA,1,NA,4,1000,20,53209,2546853.539,416594.172,0,1,0,0,0,0,0,0,0,0,TRUE,"Violent: Assault",43.1248625,-87.9520301
